status,name,company_profile,head,short_name,location,edrpou
зареєстровано,"ПУБЛІЧНЕ АКЦІОНЕРНЕ ТОВАРИСТВО ""АКЦІОНЕРНИЙ КОМЕРЦІЙНИЙ ПРОМИСЛОВО-ІНВЕСТИЦІЙНИЙ БАНК""",64.19 Інші види грошового посередництва,РОЖОК АНДРІЙ ВОЛОДИМИРОВИЧ,"ПАТ ""ПРОМІНВЕСТБАНК""","01001, м.Київ, Шевченківський район,  ПРОВУЛОК  ШЕВЧЕНКА, будинок 12",39002
зареєстровано,"ПУБЛІЧНЕ АКЦІОНЕРНЕ ТОВАРИСТВО  ""УКРСОЦБАНК""",64.19 Інші види грошового посередництва,САВОЩЕНКО ТАМАРА ЮРІЇВНА,"ПАТ""УКРСОЦБАНК""","03150, м.Київ, Голосіївський район, ВУЛИЦЯ КОВПАКА, будинок 29",39019
в стані припинення,"ПУБЛІЧНЕ АКЦІОНЕРНЕ ТОВАРИСТВО ""ЛЕГБАНК """,64.19 Інші види грошового посередництва,КОВАЛЕНКО ОЛЕКСАНДР ВОЛОДИМИРОВИЧ,"ПАТ""ЛЕГБАНК""","01033, м.Київ, Голосіївський район, ВУЛИЦЯ  ЖИЛЯНСЬКА, будинок 27",14291780
в стані припинення,"АКЦІОНЕРНИЙ КОМЕРЦІЙНИЙ БАНК ""ТРАНСБАНК""",64.19 Інші види грошового посередництва,ЛИТВИНЧУК ВОЛОДИМИР ІВАНОВИЧ,"ВАТ АКЦІОНЕРНИЙ КОМЕРЦІЙНИЙ БАНК ""ТРАНСБАНК""","03150, м.Київ, Голосіївський район, ВУЛИЦЯ ФІЗКУЛЬТУРИ, будинок 9",16293211
припинено,"Акціонерний комерційний банк ""Народний банк""",,,,"01025, м. Київ, вул. Велика Житомирська, 24",14361032
зареєстровано,"ПУБЛІЧНЕ АКЦІОНЕРНЕ ТОВАРИСТВО ""БАНК АЛЬЯНС""",64.19 Інші види грошового посередництва,ОНИЩЕНКО НАТАЛІЯ ВАСИЛІВНА,"ПАТ ""БАНК АЛЬЯНС""","04053, м.Київ, Шевченківський район, ВУЛИЦЯ СІЧОВИХ СТРІЛЬЦІВ, будинок 50",14360506
в стані припинення,"ПУБЛІЧНЕ АКЦІОНЕРНЕ ТОВАРИСТВО "" БАНК ПЕТРОКОММЕРЦ - УКРАЇНА """,64.19 Інші види грошового посередництва,ГУЛЕЙ ОЛЕКСАНДР ІВАНОВИЧ,"ПАТ ""БАНК ПЕТРОКОММЕРЦ-УКРАЇНА""","01601, м.Київ, Шевченківський район,  ВУЛ.ВЕЛИКА ЖИТОМИРСЬКА, будинок 20",22906155
в стані припинення,"ПУБЛІЧНЕ АКЦІОНЕРНЕ ТОВАРИСТВО ""БАНК ""ФІНАНСИ ТА КРЕДИТ""",64.19 Інші види грошового посередництва,ВАЛЕНДЮК ВЛАДИСЛАВ СЕРГІЙОВИЧ,"АТ ""БАНК ""ФІНАНСИ ТА КРЕДИТ""","04050, м.Київ, Шевченківський район, ВУЛИЦЯ АРТЕМА, будинок 60",9807856
зареєстровано,"ПУБЛІЧНЕ АКЦІОНЕРНЕ ТОВАРИСТВО ""УКРАЇНСЬКА ІННОВАЦІЙНА КОМПАНІЯ""",68.20 Надання в оренду й експлуатацію власного чи орендованого нерухомого майна,ІЛЬЮЧЕНКО АЛЛА МИКОЛАЇВНА,"ПАТ ""УКР/ІН/КОМ""","93404, Луганська обл., місто Сєвєродонецьк, ВУЛИЦЯ СМЕТАНІНА, будинок 3-А",5839888
в стані припинення,"ПУБЛІЧНЕ АКЦІОНЕРНЕ ТОВАРИСТВО ""ОМЕГА БАНК""",64.19 Інші види грошового посередництва,КАРАЧЕНЦЕВ АРТЕМ ЮРІЙОВИЧ,"ПАТ ""ОМЕГА БАНК""","04080, м.Київ, Оболонський район, ВУЛИЦЯ НОВОКОСТЯНТИНІВСЬКА, будинок 18,ЛІТЕРА В",19356840
в стані припинення,"ПУБЛІЧНЕ АКЦІОНЕРНЕ ТОВАРИСТВО ""ФІДОБАНК""",64.19 Інші види грошового посередництва,КОВАЛЕНКО ОЛЕКСАНДР ВОЛОДИМИРОВИЧ,"ПУАТ ""ФІДОБАНК""","01601, м.Київ, Шевченківський район, ВУЛИЦЯ ВЕЛИКА ВАСИЛЬКІВСЬКА, будинок 10",14351016
в стані припинення,"ПУБЛІЧНЕ АКЦІОНЕРНЕ ТОВАРИСТВО ""УКРАЇНСЬКИЙ ПРОФЕСІЙНИЙ БАНК""",64.19 Інші види грошового посередництва,ПАНТІНА ЛЮБОВ ОЛЕКСАНДРІВНА,"ПАТ ""УПБ""","02660, м.Київ, Дніпровський район, ВУЛ. МАРИНИ РАСКОВОЇ, будинок 15",19019775
в стані припинення,"ПУБЛІЧНЕ АКЦІОНЕРНЕ ТОВАРИСТВО КОМЕРЦІЙНИЙ БАНК ""ІНТЕРБАНК""",64.19 Інші види грошового посередництва,КАРАЧЕНЦЕВ АРТЕМ ЮРІЙОВИЧ,"ПАТ ""КБ ""ІНТЕРБАНК""","03056, м.Київ, Солом'янський район, ВУЛИЦЯ  ВАДИМА ГЕТЬМАНА, будинок 27",14358604
в стані припинення,"ПУБЛІЧНЕ АКЦІОНЕРНЕ ТОВАРИСТВО ""БРОКБІЗНЕСБАНК""",64.19 Інші види грошового посередництва,МІХНО  СЕРГІЙ СЕМЕНОВИЧ,"АТ ""БРОКБІЗНЕСБАНК""","03057, м.Київ, Солом'янський район, ПРОСПЕКТ ПЕРЕМОГИ, будинок 41",19357489
в стані припинення,"ПУБЛІЧНЕ АКЦІОНЕРНЕ ТОВАРИСТВО ""ЕНЕРГОБАНК""",64.19 Інші види грошового посередництва,ПАЛАМАРЧУК ВІТАЛІЙ ВІТАЛІЙОВИЧ,"ПАТ ""ЕНЕРГОБАНК""","04071, м.Київ, Подільський район, ВУЛИЦЯ ВОЗДВИЖЕНСЬКА, будинок 56",19357762
припинено,Український акціонерний комерційний банк розвитку нафтогазового комплексу,,,,"254071, м. Київ, вул. Празька. 5",16397258
припинено,"АКЦІОНЕРНИЙ КОМЕРЦІЙНИЙ БАНК ""ІНТЕРКОНТИНЕНТБАНК""",65.12.1 КОМЕРЦІЙНІ БАНКИ,ПЕТРОВС ІГОР,"АКБ""ІНТЕРКОНТИНЕНТБАНК""","01054, м.Київ, Шевченківський район, ВУЛИЦЯ ВОРОВСЬКОГО, будинок 22",20015535
зареєстровано,"ПУБЛІЧНЕ АКЦІОНЕРНЕ ТОВАРИСТВО ""РАЙФФАЙЗЕН БАНК АВАЛЬ""",64.19 Інші види грошового посередництва,ЛАВРЕНЧУК ВОЛОДИМИР МИКОЛАЙОВИЧ,"АТ  ""РАЙФФАЙЗЕН БАНК АВАЛЬ""","01011, м.Київ, Печерський район, ВУЛИЦЯ  ЛЄСКОВА, будинок 9",14305909
зареєстровано,"ПУБЛІЧНЕ АКЦІОНЕРНЕ ТОВАРИСТВО ""АЛЬФА-БАНК""",64.19 Інші види грошового посередництва,МИХАЙЛЬО ВІКТОРІЯ ВІКТОРІВНА,"ПАТ ""АЛЬФА-БАНК""","01001, м.Київ, Шевченківський район, ВУЛИЦЯ ДЕСЯТИННА, будинок 4/6",23494714
припинено,"ПУБЛІЧНЕ АКЦІОНЕРНЕ ТОВАРИСТВО ""КОРПОРАТИВНИЙ ТА ІНВЕСТИЦІЙНИЙ БАНК КРЕДІ АГРІКОЛЬ""",65.12.0 ІНШЕ ГРОШОВЕ ПОСЕРЕДНИЦТВО,ДЮШМАНН МІШЕЛЬ П'ЄР,"ПАТ ""КІБ КРЕДІ АГРІКОЛЬ""","01034, м.Київ, Шевченківський район, ВУЛИЦЯ ВОЛОДИМИРСЬКА, будинок 23-А",19357443
припинено,"Акціонерний комерційний агропромисловий банк ""Україна""",,,,"254025, м. Київ-25, пров. Рильський, 10",39025
зареєстровано,"ПУБЛІЧНЕ АКЦІОНЕРНЕ ТОВАРИСТВО ""ДЕРЖАВНИЙ ОЩАДНИЙ БАНК УКРАЇНИ""",64.19 Інші види грошового посередництва,ПИШНИЙ АНДРІЙ ГРИГОРОВИЧ,"АТ ""ОЩАДБАНК""","01001, м.Київ, Печерський район, ВУЛИЦЯ ГОСПІТАЛЬНА, будинок 12-Г",32129
в стані припинення,"ПУБЛІЧНЕ АКЦІОНЕРНЕ ТОВАРИСТВО ""БАНК ""НАЦІОНАЛЬНІ ІНВЕСТИЦІЇ""",64.19 Інші види грошового посередництва,ЛУНЬО ІЛЛЯ ВІКТОРОВИЧ,"АТ ""БАНК ""НАЦІОНАЛЬНІ ІНВЕСТИЦІЇ""","01601, м.Київ, Шевченківський район, ВУЛИЦЯ ВОЛОДИМИРСЬКА, будинок 54",20017340
зареєстровано,"ПУБЛІЧНЕ АКЦІОНЕРНЕ ТОВАРИСТВО ""ПЕРШИЙ ІНВЕСТИЦІЙНИЙ БАНК""",64.19 Інші види грошового посередництва,КОЛЕСНИК ІРИНА ВІКТОРІВНА,"ПАТ ""ПЕРШИЙ ІНВЕСТИЦІЙНИЙ БАНК""","01135, м.Київ, Шевченківський район, ПЛОЩА ПЕРЕМОГИ, будинок 1",26410155
зареєстровано,"ПУБЛІЧНЕ АКЦІОНЕРНЕ ТОВАРИСТВО ""ОТП БАНК""",64.19 Інші види грошового посередництва,ХАК-КОВАЧ ТАМАШ,"АТ ""ОТП БАНК""","01033, м.Київ, Голосіївський район, ВУЛИЦЯ ЖИЛЯНСЬКА, будинок 43",21685166
зареєстровано,"ПУБЛІЧНЕ АКЦІОНЕРНЕ ТОВАРИСТВО ""ІНГ БАНК УКРАЇНА""",64.19 Інші види грошового посередництва,АППЕЛЬМАН МАРК ОННО,"ПАТ ""ІНГ БАНК УКРАЇНА""","04070, м.Київ, Подільський район, ВУЛИЦЯ СПАСЬКА, будинок 30-А",21684818
в стані припинення,"АКЦІОНЕРНИЙ БАНК ""БАНК РЕГІОНАЛЬНОГО РОЗВИТКУ""",64.19 Інші види грошового посередництва,ЄВСІЄНКО ІГОР САВЕЛІЙОВИЧ,"АБ ""БРР""","04050, м.Київ, Шевченківський район,  ВУЛИЦЯ  ДЕГТЯРІВСЬКА, будинок 8-А",19338316
припинено,"""Акціонерний Банк Креді Свісс Фьорст Бостон (Україна)""",,,,"252004, м. Київ, вул. Червоноармійська, 34",21673424
зареєстровано,"ПУБЛІЧНЕ АКЦІОНЕРНЕ ТОВАРИСТВО ""СІТІБАНК""",64.19 Інші види грошового посередництва,ФІШЕР СТІВЕН АЛЛАН,"ПАТ ""СІТІБАНК""","03150, м.Київ, Печерський район, ВУЛИЦЯ ДІЛОВА, будинок 16-Г",21685485
зареєстровано,"ПУБЛІЧНЕ АКЦІОНЕРНЕ ТОВАРИСТВО ""КРЕДІ АГРІКОЛЬ БАНК""",64.19 Інші види грошового посередництва,ПЬОТРОВСКІ ЖАН-ПОЛЬ МАРСЕЛЬ ДЕЗІРЕ,"ПАТ ""КРЕДІ АГРІКОЛЬ БАНК""","01004, м.Київ, Шевченківський район, ВУЛИЦЯ ПУШКІНСЬКА , будинок 42/4",14361575
зареєстровано,"ПУБЛІЧНЕ АКЦІОНЕРНЕ ТОВАРИСТВО ""БАНК ""КЛІРИНГОВИЙ ДІМ """,64.19 Інші види грошового посередництва,АНДРЕЄВСЬКА ВІКТОРІЯ ОЛЕКСАНДРІВНА,"АБ ""КЛІРИНГОВИЙ ДІМ ""","04070, м.Київ, Подільський район, ВУЛИЦЯ БОРИСОГЛІБСЬКА, будинок 5, ЛІТЕРА ""А""",21665382
зареєстровано,"ПУБЛІЧНЕ АКЦІОНЕРНЕ ТОВАРИСТВО ""ПІРЕУС БАНК МКБ""",64.19 Інші види грошового посередництва,НАУМОВ СЕРГІЙ ВОЛОДИМИРОВИЧ,"АТ ""ПІРЕУС БАНК МКБ""","04070, м.Київ, Подільський район, ВУЛИЦЯ ІЛЛІНСЬКА, будинок 8",20034231
в стані припинення,"ПУБЛІЧНЕ АКЦІОНЕРНЕ ТОВАРИСТВО ""ПРАЙМ-БАНК""",64.19 Інші види грошового посередництва,БРАЙКО СТАНІСЛАВ АНАТОЛІЙОВИЧ,"ПАТ ""ПРАЙМ-БАНК""","03049, м.Київ, Солом'янський район, ВУЛИЦЯ БОГДАНІВСЬКА, будинок 24",26051650
в стані припинення,"ПУБЛІЧНЕ АКЦІОНЕРНЕ ТОВАРИСТВО ""КОМЕРЦІЙНИЙ БАНК ""ХРЕЩАТИК""",64.19 Інші види грошового посередництва,КОСТЕНКО ІГОР ІВАНОВИЧ,"ПАТ "" КБ ""ХРЕЩАТИК""","01001, м.Київ, Шевченківський район, ВУЛИЦЯ ХРЕЩАТИК, будинок 8-А",19364259
в стані припинення,"ПУБЛІЧНЕ АКЦІОНЕРНЕ ТОВАРИСТВО ""БАНК ""ТАВРИКА""",64.19 Інші види грошового посередництва,КАРАЧЕНЦЕВ АРТЕМ ЮРІЙОВИЧ,"АТ ""БАНК ""ТАВРИКА""","01135, м.Київ, Шевченківський район, ВУЛИЦЯ ДМИТРІВСЬКА, будинок 92-94",19454139
в стані припинення,"ВІДКРИТЕ АКЦІОНЕРНЕ ТОВАРИСТВО ""АКЦІОНЕРНИЙ КОМЕРЦІЙНИЙ БАНК ""ГАРАНТ""",65.12.1 КОМЕРЦІЙНІ БАНКИ,ЛІСОВАЛ ОЛЕКСІЙ ВОЛОДИМИРОВИЧ,"АКБ ""ГАРАНТ""","02147, м.Київ, Дніпровський район, ВУЛИЦЯ РУСАНІВСЬКА НАБЕРЕЖНА, будинок 18",25719206
припинено,"ТОВАРИСТВО З ОБМЕЖЕНОЮ ВІДПОВІДАЛЬНІСТЮ ""КОМЕРЦІЙНИЙ БАНК ""АКТИВ-БАНК""",65.12.1 КОМЕРЦІЙНІ БАНКИ,РАВНЯГО СЕРГІЙ КОСТЯНТИНОВИЧ,"ТОВ ""КБ ""АКТИВ-БАНК""","03127, м.Київ, Голосіївський район, ПРОСПЕКТ 40-РІЧЧЯ ЖОВТНЯ, будинок 93",26253000
в стані припинення,"ПУБЛІЧНЕ АКЦІОНЕРНЕ ТОВАРИСТВО ""КРЕДИТПРОМБАНК""",64.19 Інші види грошового посередництва,ТІМОНІН ОЛЕКСАНДР ОЛЕКСІЙОВИЧ,"ПАТ ""КРЕДИТПРОМБАНК""","01014, м.Київ, Печерський район, БУЛЬВАР ДРУЖБИ НАРОДІВ, будинок 38",21666051
припинено,"ТОВАРИСТВО З ОБМЕЖЕНОЮ ВІДПОВІДАЛЬНІСТЮ ""АРТЕМ-БАНК""",65.12.1 КОМЕРЦІЙНІ БАНКИ,БІЛОНЕНКО ОЛЕГ ГЕОРГІЙОВИЧ,"ТОВ""АРТЕМ-БАНК""","04050, м.Київ, Шевченківський район,  ВУЛ. АРТЕМА, будинок 103",26253023
в стані припинення,"ПУБЛІЧНЕ АКЦІОНЕРНЕ ТОВАРИСТВО ""ФІНАНС БАНК""",64.19 Інші види грошового посередництва,КУРНАТ ЛЮДМИЛА ОЛЕКСАНДРІВНА,"ПАТ ""ФІНАНС БАНК""","02002, м.Київ, Дніпровський район, ВУЛИЦЯ ПАНЕЛЬНА, будинок 5",19193869
припинено,"ТОВАРИСТВО З ОБМЕЖЕНОЮ ВІДПОВІДАЛЬНІСТЮ ""ФОРТУНА-БАНК""",65.12.1 КОМЕРЦІЙНІ БАНКИ,МАСЛЕННІКОВА АНТОНІНА БОРИСІВНА,"ТОВ ""ФОРТУНА-БАНК""","04070, м.Київ, Подільський район, ВУЛИЦЯ БОРИЧІВ ТІК, будинок 35-В",26254732
припинено,"ТОВАРИСТВО З ОБМЕЖЕНОЮ ВІДПОВІДАЛЬНІСТЮ КОМЕРЦІЙНИЙ БАНК ""ЗАХІДІНКОМБАНК""",65.12.1 КОМЕРЦІЙНІ БАНКИ,ЯРОШЕНКО ГАННА ІВАНІВНА,"КБ ""ЗАХІДІНКОМБАНК"" ТЗОВ","43005, Волинська обл., місто Луцьк, ПРОСПЕКТ ПЕРЕМОГИ, будинок 15",19233095
припинено,УНІКРЕДИТ БАНК ТОВАРИСТВО З ОБМЕЖЕНОЮ ВІДПОВІДАЛЬНІСТЮ,65.12.1 КОМЕРЦІЙНІ БАНКИ,РУССО ФЕДЕРІКО,УНІКРЕДИТ БАНК ТЗОВ,"43016, Волинська обл., місто Луцьк, ВУЛ.ДАНИЛА ГАЛИЦЬКОГО, будинок 14",21753123
припинено,"ТОВАРИСТВО З ОБМЕЖЕНОЮ ВІДПОВІДАЛЬНІСТЮ ""СХІДНО-ПРОМИСЛОВИЙ КОМЕРЦІЙНИЙ БАНК""",65.12.1 КОМЕРЦІЙНІ БАНКИ,СКРІПНІК НАТАЛІЯ ОЛЕКСІЇВНА,СХІДНО-ПРОМИСЛОВИЙ БАНК,"91047, Луганська обл., місто Луганськ, Жовтневий район, ВУЛИЦЯ 26 БАКІНСЬКІХ  КОМІСАРОВ, будинок 155",23478833
в стані припинення,"ПУБЛІЧНЕ АКЦІОНЕРНЕ ТОВАРИСТВО ""УКРАЇНСЬКИЙ КОМУНАЛЬНИЙ БАНК""",64.19 Інші види грошового посередництва,МАТВІЄНКО АНДРІЙ АНАТОЛІЙОВИЧ,"ПАТ ""УКРКОМУНБАНК""","91055, Луганська обл., місто Луганськ, Ленінський район, ВУЛИЦЯ ШЕВЧЕНКА В.В., будинок 18 А",24191588
зареєстровано,"ПУБЛІЧНЕ АКЦІОНЕРНЕ ТОВАРИСТВО ""АКЦІОНЕРНИЙ КОМЕРЦІЙНИЙ БАНК ""НОВИЙ""",64.19 Інші види грошового посередництва,СТАРЦЕВА ТЕТЯНА ВОЛОДИМИРІВНА ,"АКБ ""НОВИЙ""","49000, Дніпропетровська обл., місто Дніпро, Кіровський район, ПРОСПЕКТ КАРЛА МАРКСА, будинок 93",19361982
зареєстровано,"ПУБЛІЧНЕ АКЦІОНЕРНЕ ТОВАРИСТВО КОМЕРЦІЙНИЙ БАНК ""ПРИВАТБАНК""",64.19 Інші види грошового посередництва,ШЛАПАК ОЛЕКСАНДР ВІТАЛІЙОВИЧ,"ПАТ КБ ""ПРИВАТБАНК""","01001, м.Київ, Печерський район, ВУЛИЦЯ ГРУШЕВСЬКОГО, будинок 1Д",14360570
припинено,"АКЦІОНЕРНИЙ КОМЕРЦІЙНИЙ БАНК ""ПРЕМ'ЄРБАНК""",65.12.1 КОМЕРЦІЙНІ БАНКИ,ГОЛЕМБОВСЬКА ЛЮДМИЛА СТЕПАНІВНА,"АКБ ""ПРЕМ'ЄРБАНК""","49000, Дніпропетровська обл., місто Дніпро, Бабушкінський район,  ВУЛИЦЯ МЕЧНИКОВА, будинок 18",20026838
зареєстровано,"ПУБЛІЧНЕ АКЦІОНЕРНЕ ТОВАРИСТВО ""БАНК  КРЕДИТ ДНІПРО""",64.19 Інші види грошового посередництва,МАЛИНСЬКА ОЛЕНА ОЛЕКСАНДРІВНА,"ПАТ ""БАНК КРЕДИТ ДНІПРО""","01601, м.Київ, Печерський район, ВУЛИЦЯ МЕЧНИКОВА, будинок 3",14352406
зареєстровано,"ПУБЛІЧНЕ АКЦІОНЕРНЕ ТОВАРИСТВО ""КОМЕРЦІЙНИЙ БАНК ""ЗЕМЕЛЬНИЙ КАПІТАЛ""",64.19 Інші види грошового посередництва,ПЕТРЕНКО ОЛЕКСАНДР ФЕДОРОВИЧ,"ПАТ ""КБ ""ЗЕМЕЛЬНИЙ КАПІТАЛ""","49101, Дніпропетровська обл., місто Дніпро, Кіровський район, ПРОСПЕКТ ПУШКІНА, будинок 15",20280450
в стані припинення,"ПУБЛІЧНЕ АКЦІОНЕРНЕ ТОВАРИСТВО ""ЮНІОН СТАНДАРД БАНК""",64.19 Інші види грошового посередництва,КІЧУК ОЛЕГ ІВАНОВИЧ,"ПАТ ""ЮСБ БАНК""","65012, Одеська обл., місто Одеса, Приморський район, ВУЛИЦЯ ГІМНАЗИЧНА, будинок 21",20305925
зареєстровано,"ПУБЛІЧНЕ АКЦІОНЕРНЕ ТОВАРИСТВО ""АКЦІОНЕРНИЙ БАНК ""РАДАБАНК""",64.19 Інші види грошового посередництва,СТОЯНОВ СЕРГІЙ БОРИСОВИЧ,"ПАТ ""АБ ""РАДАБАНК""","49054, Дніпропетровська обл., місто Дніпро, Кіровський район,  ПРОСПЕКТ ОЛЕКСАНДРА ПОЛЯ, будинок 46",21322127
припинено,"Акціонерно-комерційний банк інвестування програм реконструкції і розвитку - ""ЗАВОДБАНК""",,,,"320003, м. Дніпропетровськ, просп. Калініна, 75",23024763
припинено,"ТОВАРИСТВО З ОБМЕЖЕНОЮ ВІДПОВІДАЛЬНІСТЮ ""КЛАСИКБАНК""",65.12.0 ІНШЕ ГРОШОВЕ ПОСЕРЕДНИЦТВО,НЕХОМ'ЯЖ СЕРГІЙ ОЛЕКСІЙОВИЧ,"ТОВ ""КЛАСИКБАНК""","49044, Дніпропетровська обл., місто Дніпро, Жовтневий район, ПРОСПЕКТ КАРЛА МАРКСА, будинок 39А",23926846
припинено,"ВІДКРИТЕ АКЦІОНЕРНЕ ТОВАРИСТВО ""КОМЕРЦІЙНИЙ БАНК ""ПРИЧОРНОМОР'Я""",65.12.0 ІНШЕ ГРОШОВЕ ПОСЕРЕДНИЦТВО,ЛИХОПЬОК ДЕНИС ПАВЛОВИЧ,"ВАТ ""КБ ""ПРИЧОРНОМОР'Я""","49005, Дніпропетровська обл., місто Дніпро, Жовтневий район, ПРОСПЕКТ ГАГАРІНА , будинок 33",23928584
припинено,"ТОВАРИСТВО З ОБМЕЖЕНОЮ ВІДПОВІДАЛЬНІСТЮ ""ДІАЛОГБАНК""",65.12.0 ІНШЕ ГРОШОВЕ ПОСЕРЕДНИЦТВО,БОТКАЧИК СВІТЛАНА ІВАНІВНА,"ТОВ ""ДІАЛОГБАНК""","49101, Дніпропетровська обл., місто Дніпро, Кіровський район, ВУЛИЦЯ СВЕРДЛОВА, будинок 26,  ПОЗІЦІЯ 5",21734522
зареєстровано,"ПУБЛІЧНЕ АКЦІОНЕРНЕ ТОВАРИСТВО ""БАНК ВОСТОК""",64.19 Інші види грошового посередництва,МОРОХОВСЬКИЙ ВАДИМ ВІКТОРОВИЧ,"ПАТ  ""БАНК ВОСТОК""","49051, Дніпропетровська обл., місто Дніпро, Самарський район, ВУЛИЦЯ  КУРСАНТСЬКА, будинок 24",26237202
в стані припинення,"ПУБЛІЧНЕ АКЦІОНЕРНЕ ТОВАРИСТВО ""КОМЕРЦІЙНИЙ БАНК ""АКСІОМА""",64.19 Інші види грошового посередництва,ПРИХОДЬКО ЮЛІЯ ВІКТОРІВНА,"ПАТ ""КБ ""АКСІОМА""","49005, Дніпропетровська обл., місто Дніпро, Жовтневий район, ВУЛИЦЯ СІМФЕРОПОЛЬСЬКА, будинок 11, приміщення 25",33972230
зареєстровано,"ПУБЛІЧНЕ АКЦІОНЕРНЕ ТОВАРИСТВО  ""АКЦІОНЕРНИЙ КОМЕРЦІЙНИЙ БАНК ""КОНКОРД""",64.19 Інші види грошового посередництва,МІНЯЙЛО ВАЛЕНТИН ФРАНЦЕВИЧ,"ПАТ ""АКБ ""КОНКОРД""","49000, Дніпропетровська обл., місто Дніпро, Бабушкінський район, ПЛОЩА ТРОЇЦЬКА, будинок 2",34514392
в стані припинення,"ПУБЛІЧНЕ АКЦІОНЕРНЕ ТОВАРИСТВО ""АКТАБАНК""",64.19 Інші види грошового посередництва,ПРИХОДЬКО ЮЛІЯ ВІКТОРІВНА,"ПАТ  ""АКТАБАНК""","49000, Дніпропетровська обл., місто Дніпро, Бабушкінський район, ВУЛИЦЯ ШЕВЧЕНКА, будинок 53",35863708
в стані припинення,"ПУБЛІЧНЕ АКЦІОНЕРНЕ ТОВАРИСТВО ""ІНТЕРКРЕДИТБАНК""",64.19 Інші види грошового посередництва,ПРИХОДЬКО ЮЛІЯ ВІКТОРІВНА,"ПАТ ""ІНТЕРКРЕДИТБАНК""","49055, Дніпропетровська обл., місто Дніпро, Красногвардійський район, ВУЛИЦЯ ТИТОВА, будинок 36",37731532
в стані припинення,"ПУБЛІЧНЕ АКЦІОНЕРНЕ ТОВАРИСТВО ""МЕЛІОР БАНК""",64.19 Інші види грошового посередництва,ЩАДНИХ ОЛЕКСАНДР ЛЕОНІДОВИЧ,"ПАТ ""МЕЛІОР БАНК""","49000, Дніпропетровська обл., місто Дніпро, Бабушкінський район, ВУЛИЦЯ ЛИВАРНА, будинок 9, приміщення 75",37987811
зареєстровано,"ПУБЛІЧНЕ АКЦІОНЕРНЕ ТОВАРИСТВО ""АКЦЕНТ-БАНК""",64.19 Інші види грошового посередництва,КАНДАУРОВ ЮРІЙ ВАСИЛЬОВИЧ,"ПАТ ""А-БАНК""","49074, Дніпропетровська обл., місто Дніпро, Індустріальний район, ВУЛИЦЯ БАТУМСЬКА, будинок 11",14360080
припинено,"Комерційний банк ""АМАСКО""",,,,"261400, м. Бердичів, вул. Hізгурецька, 16",13566973
припинено,"ТОВАРИСТВО З ОБМЕЖЕНОЮ ВІДПОВІДАЛЬНІСТЮ КОМЕРЦІЙНИЙ БАНК ""КООПІНВЕСТБАНК""",65.12.1 КОМЕРЦІЙНІ БАНКИ,ГІСЕМ МИРОСЛАВ ВОЛОДИМИРОВИЧ,"ТОВ КБ ""КООПІНВЕСТБАНК""","88000, Закарпатська обл., місто Ужгород, ВУЛИЦЯ ГОЙДИ, будинок 10",19355562
припинено,"Акціонерний комерційний банк ""Сервіс""",,,,"294018, м. Ужгород, пл. Б. Хмельницького, 2",21101701
зареєстровано,"ПУБЛІЧНЕ АКЦІОНЕРНЕ ТОВАРИСТВО ""МОТОР-БАНК""",64.19 Інші види грошового посередництва,ЧИХУН ВАДИМ ВАСИЛЬОВИЧ,"ПАТ ""МОТОР-БАНК""","69068, Запорізька обл., місто Запоріжжя, Шевченківський район, ПРОСПЕКТ МОТОРОБУДІВНИКІВ, будинок 54 ""Б""",35345213
припинено,"АКЦІОНЕРНИЙ БАНК ""МЕТАЛУРГ""",65.12.0 ІНШЕ ГРОШОВЕ ПОСЕРЕДНИЦТВО,НУЖНИЙ СЕРГІЙ ПАВЛОВИЧ,"АБ ""МЕТАЛУРГ""","69006, Запорізька обл., місто Запоріжжя, Дніпровський район, ПРОСПЕКТ МЕТАЛУРГІВ, будинок 30",20496061
припинено,"АКЦІОНЕРНЕ ТОВАРИСТВО ""НАШ БАНК""",65.12.0 ІНШЕ ГРОШОВЕ ПОСЕРЕДНИЦТВО,СЕРГІЄНКО ІГОР ВЛАДЛЕНОВИЧ,"АТ ""НАШ БАНК""","69006, Запорізька обл., місто Запоріжжя, Дніпровський район, ВУЛИЦЯ ДОБРОЛЮБОВА, будинок 22",20510134
припинено,"КОМЕРЦІЙНИЙ АКЦІОНЕРНИЙ БАНК ""СЛОВ'ЯНСЬКИЙ""",64.11 Діяльність центрального банку,ЛІПКЕВИЧ ТЕТЯНА ВАСИЛІВНА,"КАБ""СЛОВ'ЯНСЬКИЙ""","69600, Запорізька обл., місто Запоріжжя, Дніпровський район, ВУЛИЦЯ  КРЕМЛІВСЬКА, будинок 8",9806354
зареєстровано,"ПУБЛІЧНЕ АКЦІОНЕРНЕ ТОВАРИСТВО АКЦІОНЕРНИЙ КОМЕРЦІЙНИЙ БАНК "" ІНДУСТРІАЛБАНК """,64.19 Інші види грошового посередництва,БУКРЄЄВ МИХАЙЛО ЮРІЙОВИЧ,"АКБ "" ІНДУСТРІАЛБАНК""","69037, Запорізька обл., місто Запоріжжя, Вознесенівський район, ВУЛИЦЯ НЕЗАЛЕЖНОЇ УКРАЇНИ, будинок 39 Д",13857564
припинено,"Акціонерний банк ""Вікторія""",,,,"280009, м. Хмельницький, вул. Козацька, 55",21329000
припинено,"Комерційний акціонерний банк споживчої кооперації Хмельницької області ""Поділля""",,,,"280000, м. Хмельницький, вул. Герцена, 10",19358454
в стані припинення,"ПУБЛІЧНЕ АКЦІОНЕРНЕ ТОВАРИСТВО ""БАНК ""КИЇВСЬКА РУСЬ""",64.19 Інші види грошового посередництва,БІЛА ІРИНА ВОЛОДИМИРІВНА,"ПАТ ""БАНК ""КИЇВСЬКА РУСЬ""","04071, м.Київ, Подільський район, ВУЛИЦЯ ХОРИВА, будинок 11-А",24214088
в стані припинення,"ПУБЛІЧНЕ АКЦІОНЕРНЕ ТОВАРИСТВО ""РАДИКАЛ БАНК""",64.19 Інші види грошового посередництва,САВЕЛЬЄВА АННА МИКОЛАЇВНА,"ПАТ ""РАДИКАЛ БАНК""","08130, Київська обл., Києво-Святошинський район, село Петропавлівська Борщагівка, ВУЛИЦЯ ЛЕНІНА, будинок 2-В",36964568
зареєстровано,"ПУБЛІЧНЕ АКЦІОНЕРНЕ ТОВАРИСТВО ""БАНК ""УКРАЇНСЬКИЙ КАПІТАЛ""",64.19 Інші види грошового посередництва,ТІХОМІРОВ ОЛЕКСАНДР ВАЛЕНТИНОВИЧ,"ПАТ ""БАНК ""УКРАЇНСЬКИЙ КАПІТАЛ""","03062, м.Київ, Святошинський район, ПРОСПЕКТ ПЕРЕМОГИ, будинок 67",22868414
зареєстровано,"ПУБЛІЧНЕ АКЦІОНЕРНЕ ТОВАРИСТВО АКЦІОНЕРНИЙ БАНК ""УКРГАЗБАНК""",64.19 Інші види грошового посередництва,ШЕВЧЕНКО КИРИЛО ЄВГЕНОВИЧ,"АБ ""УКРГАЗБАНК""","03087, м.Київ, Солом'янський район, ВУЛИЦЯ ЄРЕВАНСЬКА, будинок 1",23697280
припинено,Києво-Печерський акціонерно-комерційний банк,,,,"252133, м. Київ, вул. І.Кудрі, 32",22869483
припинено,"ЗАКРИТЕ АКЦІОНЕРНЕ ТОВАРИСТВО ""ДОЧІРНІЙ БАНК СБЕРБАНКУ РОСІЇ""",65.12.1 КОМЕРЦІЙНІ БАНКИ,ЮШКО ІГОР ОЛЕГОВИЧ,"ЗАТ ""СБЕРБАНК РОСІЇ""","01034, м.Київ, Шевченківський район, ВУЛИЦЯ ВОЛОДИМИРСЬКА, будинок 46",25959784
припинено,"ПРИВАТНЕ АКЦІОНЕРНЕ ТОВАРИСТВО ""СВЕДБАНК ІНВЕСТ""",65.12.1 КОМЕРЦІЙНІ БАНКИ,КУРИЛЕЦЬ МАРІЯ МИРОНІВНА,"АТ  ""СВЕДБАНК ІНВЕСТ"" (ПРИВАТНЕ)","01001, м.Київ, Печерський район, ВУЛИЦЯ ШОТА РУСТАВЕЛІ, будинок 16",21658672
в стані припинення,"ПУБЛІЧНЕ АКЦІОНЕРНЕ ТОВАРИСТВО "" БАНК НАЦІОНАЛЬНИЙ КРЕДИТ""",64.19 Інші види грошового посередництва,БРАЙКО СТАНІСЛАВ АНАТОЛІЙОВИЧ,"ПАТ ""БАНК НАЦІОНАЛЬНИЙ КРЕДИТ""","04053, м.Київ, Шевченківський район, ВУЛИЦЯ ТУРГЕНЄВСЬКА, будинок 52/58",20057663
припинено,"АКЦІОНЕРНИЙ КОМЕРЦІЙНИЙ БАНК ""ХФБ БАНК УКРАЇНА""",65.12.1 КОМЕРЦІЙНІ БАНКИ,ЛЕБЕРЛЕ МАРТІН,"АКБ""ХФБ БАНК УКРАЇНА""","01034, м.Київ, Шевченківський район,  ВУЛИЦЯ ЯРОСЛАВІВ ВАЛ, будинок 14-А",20077200
в стані припинення,"ПУБЛІЧНЕ АКЦІОНЕРНЕ ТОВАРИСТВО ""ІНТЕГРАЛ-БАНК""",64.19 Інші види грошового посередництва,АНДРОНОВ ОЛЕГ БОРИСОВИЧ,"ПАТ ""ІНТЕГРАЛ-БАНК""","03057, м.Київ, Шевченківський район, ПРОСПЕКТ ПЕРЕМОГИ, будинок 52/2",22932856
в стані припинення,"ТОВАРИСТВО З ОБМЕЖЕНОЮ ВІДПОВІДАЛЬНІСТЮ ""ЄВРОПЕЙСЬКИЙ БАНК РОЗВИТКУ ТА ЗАОЩАДЖЕНЬ""",65.12.1 КОМЕРЦІЙНІ БАНКИ,ПИСАРЕНКО ОЛЕСЯ ПАВЛІВНА,"ТОВ""ЄВРОПЕЙСЬКИЙ БАНК РОЗВИТКУ ТА ЗАОЩАДЖЕНЬ""","01135, м.Київ, Шевченківський район, ВУЛ.ЧОРНОВОЛА, будинок 12-А",21110655
припинено,"""Київський Міжнародний Банк""",,,,"252001, м. Київ, бул. Лесі Українки, 34",24363820
в стані припинення,"ПУБЛІЧНЕ АКЦІОНЕРНЕ ТОВАРИСТВО  ""УКРГАЗПРОМБАНК""",64.19 Інші види грошового посередництва,БОНДАРЕНКО ВАЛЕРІЙ ВІКТОРОВИЧ,"ПАТ ""УКРГАЗПРОМБАНК""","02098, м.Київ, Дніпровський район, ДНІПРОВСЬКА НАБЕРЕЖНА , будинок 13",24262992
в стані припинення,"ПУБЛІЧНЕ АКЦІОНЕРНЕ ТОВАРИСТВО ""ДІАМАНТБАНК""",64.19 Інші види грошового посередництва,ТІМОНІН ОЛЕКСАНДР ОЛЕКСІЙОВИЧ,"ПАТ ""ДІАМАНТБАНК""","04070, м.Київ, Подільський район, КОНТРАКТОВА ПЛОЩА, будинок 10-А",23362711
зареєстровано,"ПУБЛІЧНЕ АКЦІОНЕРНЕ ТОВАРИСТВО ""АЛЬТБАНК""",64.19 Інші види грошового посередництва,ВОЛОХ ІГОР ОЛЕГОВИЧ,"АТ ""АЛЬТБАНК""","03037, м.Київ, Солом'янський район, ВУЛИЦЯ  ВУЗІВСЬКА, будинок 5",19358784
зареєстровано,"ПУБЛІЧНЕ АКЦІОНЕРНЕ ТОВАРИСТВО "" ПРОКРЕДИТ БАНК """,64.19 Інші види грошового посередництва,ПОНОМАРЕНКО ВІКТОР ВІКТОРОВИЧ,"АТ ""ПРОКРЕДИТ БАНК""","03115, м.Київ, Святошинський район, ПРОСПЕКТ ПЕРЕМОГИ, будинок 107-А",21677333
в стані припинення,"ПУБЛІЧНЕ АКЦІОНЕРНЕ ТОВАРИСТВО ""БГ БАНК""",64.19 Інші види грошового посередництва,ЛУНЬО ІЛЛЯ ВІКТОРОВИЧ,"ПАТ ""БГ БАНК""","04112, м.Київ, Шевченківський район, ВУЛИЦЯ ДЕГТЯРІВСЬКА, будинок 48",20717958
в стані припинення,"ТОВАРИСТВО З ОБМЕЖЕНОЮ ВІДПОВІДАЛЬНІСТЮ ""УКРАЇНСЬКИЙ ПРОМИСЛОВИЙ БАНК""",64.19 Інші види грошового посередництва,РАЄВСЬКИЙ КОСТЯНТИН ЄВГЕНІЙОВИЧ,"ТОВ ""УКРПРОМБАНК""","01133, м.Київ, Печерський район, БУЛЬВАР ЛЕСІ УКРАЇНКИ, будинок 26",19357325
в стані припинення,"ВІДКРИТЕ АКЦІОНЕРНЕ ТОВАРИСТВО КОМЕРЦІЙНИЙ БАНК ""НАЦІОНАЛЬНИЙ СТАНДАРТ""",65.12.1 КОМЕРЦІЙНІ БАНКИ,ШЕВЕЛЬ ВІТАЛІЙ МИХАЙЛОВИЧ,"ВАТ КБ "" НАЦІОНАЛЬНИЙ СТАНДАРТ ""","04080, м.Київ, Подільський район, ВУЛИЦЯ ФРУНЗЕ, будинок 47",19020301
припинено,"АКЦІОНЕРНИЙ БАНК "" СТАРОКИЇВСЬКИЙ БАНК """,65.12.1 КОМЕРЦІЙНІ БАНКИ,ЯРЕМЕНКО ЮРІЙ ВІТАЛІЙОВИЧ,"АБ "" СТАРОКИЇВСЬКИЙ БАНК ""","01033, м.Київ, Голосіївський район, ВУЛИЦЯ МИКІЛЬСЬКО-БОТАНІЧНА, будинок 6/8",19024948
зареєстровано,"АКЦІОНЕРНИЙ БАНК ""АЛЛОНЖ""",65.12.1 КОМЕРЦІЙНІ БАНКИ,ТИМЧЕНКО ВОЛОДИМИР ІЛЛІЧ,"АБ  ""АЛЛОНЖ""","01001, м.Київ, Печерський район, ВУЛИЦЯ ШОТА РУСТАВЕЛІ, будинок 5",14362014
припинено,"Акціонерний комерційний ""Торгово-Промисловий банк""",,,,"252136, м. Київ, вул. Пархоменка, 8-а",19361574
зареєстровано,"ПУБЛІЧНЕ АКЦІОНЕРНЕ ТОВАРИСТВО ""РОДОВІД БАНК""",64.19 Інші види грошового посередництва,ШЕВЧЕНКО  АНДРІЙ МИКОЛАЙОВИЧ,"АТ ""РОДОВІД БАНК""","04136, м.Київ, Подільський район, ВУЛИЦЯ ПІВНІЧНО-СИРЕЦЬКА, будинок 1-3",14349442
зареєстровано,"ПУБЛІЧНЕ АКЦІОНЕРНЕ ТОВАРИСТВО ""БТА БАНК""",64.19 Інші види грошового посередництва,БЕЗВУШКО ЄВГЕН ОЛЕКСАНДРОВИЧ,"ПАТ ""БТА БАНК""","01032, м.Київ, Голосіївський район, ВУЛИЦЯ ЖИЛЯНСЬКА, будинок 75",14359845
зареєстровано,"ПУБЛІЧНЕ АКЦІОНЕРНЕ ТОВАРИСТВО ""ВТБ БАНК""",64.19 Інші види грошового посередництва,ВАЙСМАН  КОСТЯНТИН МИХАЙЛОВИЧ,"ПАТ ""ВТБ БАНК""","01004, м.Київ, Шевченківський район, БУЛЬВАР ТАРАСА ШЕВЧЕНКА/ВУЛИЦЯ ПУШКІНСЬКА, будинок 8/26",14359319
припинено,"Комерційний банк ""Укруніверсалбанк""",,,,"256400, м. Біла Церква, вул. Росьова, 6",22199930
зареєстровано,"ПУБЛІЧНЕ АКЦІОНЕРНЕ ТОВАРИСТВО ""УНІВЕРСАЛ БАНК""",64.19 Інші види грошового посередництва,СТАРОМІНСЬКА ІРИНА ОЛЕКСАНДРІВНА,"ПАТ ""УНІВЕРСАЛ БАНК""","04114, м.Київ, Оболонський район, ВУЛИЦЯ АВТОЗАВОДСЬКА, будинок 54/19",21133352
припинено,"Акціонерний комерційний банк харчової промисловості України ""Укрхарчопромбанк"" АК",,,,"252001, м. Київ, вул. Б.Грінченка, 1",19357590
припинено,"Комерційний акціонерний банк ""ДЕНДІ""",,,,"252006, м. Київ, вул. Щорса, 15, корпус 1",19358419
припинено,"ТОВАРИСТВО З ОБМЕЖЕНОЮ ВІДПОВІДАЛЬНІСТЮ КОМЕРЦІЙНИЙ БАНК ""ЕКСПОБАНК""",65.12.1 КОМЕРЦІЙНІ БАНКИ,ГЕТЬМАНЕНКО ЮРІЙ ІВАНОВИЧ,"""КБ""ЕКСПОБАНК""","01135, м.Київ, Шевченківський район, ВУЛИЦЯ ЗОЛОТОУСТІВСЬКА, будинок 2/4",9322299
зареєстровано,"ПУБЛІЧНЕ АКЦІОНЕРНЕ ТОВАРИСТВО ""АЙБОКС БАНК""",64.19 Інші види грошового посередництва,ХЕЙЛО ГАЛИНА МИХАЙЛІВНА,"ПАТ ""АЙБОКС БАНК""","03150, м.Київ, Голосіївський район, ВУЛИЦЯ ДІЛОВА, будинок 9 А",21570492
зареєстровано,"ПУБЛІЧНЕ АКЦІОНЕРНЕ ТОВАРИСТВО ""ДЕРЖАВНИЙ ЕКСПОРТНО-ІМПОРТНИЙ БАНК УКРАЇНИ""",64.19 Інші види грошового посередництва,ГРИЦЕНКО ОЛЕКСАНДР ВІКТОРОВИЧ,"АТ ""УКРЕКСІМБАНК""","03150, м.Київ, Голосіївський район, ВУЛИЦЯ АНТОНОВИЧА, будинок 127",32112
в стані припинення,"ПУБЛІЧНЕ АКЦІОНЕРНЕ ТОВАРИСТВО ""ГРІН БАНК""",64.19 Інші види грошового посередництва,ШКУРКО ВІКТОР МИХАЙЛОВИЧ,"ПАТ ""ГРІН БАНК""","04107, м.Київ, Шевченківський район, ВУЛИЦЯ БАГГОВУТІВСЬКА, будинок 17-21",13550848
зареєстровано,"ПУБЛІЧНЕ АКЦІОНЕРНЕ ТОВАРИСТВО АКЦІОНЕРНИЙ КОМЕРЦІЙНИЙ БАНК ""АРКАДА""",64.19 Інші види грошового посередництва,ПАЛИВОДА КОСТЯНТИН ВІТАЛІЙОВИЧ,"ПАТ АКБ ""АРКАДА""","01001, м.Київ, Печерський район, ВУЛИЦЯ ОЛЬГИНСЬКА, будинок 3",19361386
припинено,"Державно-акціонерний спеціалізований імпортно-експортний банк України ""УКРСПЕЦІМПЕКСБАНК""",,,,"252162, м. Київ, вул. Ярославів Вал, 36а",19358282
в стані припинення,"ПУБЛІЧНЕ АКЦІОНЕРНЕ ТОВАРИСТВО ""БАНК НАРОДНИЙ КАПІТАЛ""",64.19 Інші види грошового посередництва,АНДРОНОВ ОЛЕГ БОРИСОВИЧ,"АТ ""НК БАНК""","03067, м.Київ, Солом'янський район, БУЛЬВАР ІВАНА ЛЕПСЕ, будинок 4",20026740
в стані припинення,"ПУБЛІЧНЕ АКЦІОНЕРНЕ ТОВАРИСТВО БАНК ""КОНТРАКТ""",64.19 Інші види грошового посередництва,ШКУРКО ВІКТОР МИХАЙЛОВИЧ,"ПАТ БАНК ""КОНТРАКТ""","04071, м.Київ, Подільський район, ВУЛИЦЯ  ВОЗДВИЖЕНСЬКА, будинок 58",19361746
припинено,"Акціонерний комерційний банк ""Незалежність""",,,,"252039, м. Київ, просп. Червонозоряний, 123",19359784
в стані припинення,"ПУБЛІЧНЕ АКЦІОНЕРНЕ ТОВАРИСТВО ""АКЦІОНЕРНИЙ КОМЕРЦІЙНИЙ БАНК ""КИЇВ""",64.19 Інші види грошового посередництва,КІЧУК ОЛЕГ ІВАНОВИЧ,"ПАТ ""АКБ ""КИЇВ""","01030, м.Київ, Шевченківський район, ВУЛИЦЯ БОГДАНА ХМЕЛЬНИЦЬКОГО, будинок 16-22",14371869
зареєстровано,"ПУБЛІЧНЕ АКЦІОНЕРНЕ ТОВАРИСТВО ""ЮНЕКС БАНК""",64.19 Інші види грошового посередництва,ДОВГАЛЬСЬКА ГАННА ВЛАДИСЛАВІВНА,"ПАТ ""ЮНЕКС БАНК""","04070, м.Київ, Подільський район, ВУЛИЦЯ ПОЧАЙНИНСЬКА, будинок 38",20023569
зареєстровано,"ПУБЛІЧНЕ АКЦІОНЕРНЕ ТОВАРИСТВО ""КОМЕРЦІЙНИЙ ІНДУСТРІАЛЬНИЙ БАНК""",64.19 Інші види грошового посередництва,КІЗЯК РУСЛАН МИРОНОВИЧ,"АТ ""КІБ""","04053, м.Київ, Шевченківський район, ВУЛИЦЯ БУЛЬВАРНО-КУДРЯВСЬКА, будинок 6",21580639
в стані припинення,"ВІДКРИТЕ АКЦІОНЕРНЕ ТОВАРИСТВО БАНК ""БІГ ЕНЕРГІЯ""",64.19 Інші види грошового посередництва,ВАСІЛЬЧЕНКО ЮРІЙ ЛЕОНІДОВИЧ,"ВАТ БАНК ""БІГ ЕНЕРГІЯ""","01032, м.Київ, Шевченківський район, ВУЛИЦЯ КОМІНТЕРНУ, будинок 15",20023463
в стані припинення,"ПУБЛІЧНЕ АКЦІОНЕРНЕ ТОВАРИСТВО ""АКЦІОНЕРНИЙ БАНК ""УКООПСПІЛКА""",64.19 Інші види грошового посередництва,КАШУТА ДМИТРО ЄВГЕНОВИЧ,"АБ ""УКООПСПІЛКА""","01001, м.Київ, Печерський район, ВУЛИЦЯ  ХРЕЩАТИК, будинок 7/11",21536532
припинено,Іпотечний комерційний акціонерний банк,,,,"252080, м. Київ, вул. Межигірська, 83",19369239
в стані припинення,"ВІДКРИТЕ АКЦІОНЕРНЕ ТОВАРИСТВО АКЦІОНЕРНИЙ КОМЕРЦІЙНИЙ БАНК ""СХІДНО-ЄВРОПЕЙСЬКИЙ БАНК""",65.12.1 КОМЕРЦІЙНІ БАНКИ,МИРОНЕНКО ВІКТОР ПЕТРОВИЧ,"АКБ ""СЄБ""","01042, м.Київ, Печерський район, БУЛЬВАР ДРУЖБИ НАРОДІВ, будинок 17/5",19364130
припинено,"Акціонерний комерційний банк ""Росток Банк""",,,,"03680, м. Київ, бульвар І.Лепсе, 4",21595828
в стані припинення,"ПУБЛІЧНЕ АКЦІОНЕРНЕ ТОВАРИСТВО ""АКЦІОНЕРНИЙ БАНК ""СИНТЕЗ""",65.12.0 ІНШЕ ГРОШОВЕ ПОСЕРЕДНИЦТВО,ЧЕЧІЛЬ ЄВГЕН МИКОЛАЙОВИЧ,"АБ ""СИНТЕЗ""","01042, м.Київ, Печерський район, ВУЛИЦЯ ІВАНА КУДРІ, будинок 5",21564391
зареєстровано,"ПУБЛІЧНЕ АКЦІОНЕРНЕ ТОВАРИСТВО ""БАНК ВЕЛЕС""",64.19 Інші види грошового посередництва,РАБЧУК СЕРГІЙ ВІТАЛІЙОВИЧ,"АТ ""БАНК ВЕЛЕС""","03061, м.Київ, Солом'янський район, ВУЛИЦЯ ГЕРОЇВ СЕВАСТОПОЛЯ, будинок 48",21593719
припинено,"Акціонерний банк ""МЕТА-БАНК""",,,,"252054, м. Київ, вул. Оболонська, 47",21554560
зареєстровано,"ПУБЛІЧНЕ АКЦІОНЕРНЕ ТОВАРИСТВО КОМЕРЦІЙНИЙ БАНК ""ТК КРЕДИТ""",64.19 Інші види грошового посередництва,ШУЛЬГА ГАННА ОЛЕГІВНА,"АТ КБ ""ТК КРЕДИТ""","01054, м.Київ, Шевченківський район, ВУЛИЦЯ ДМИТРІВСЬКА, будинок 18/24",20050951
припинено,"Закрите акціонерне товариство ""Інноваційно-промисловий банк""",,,,"03150, м. Київ, вул. Федорова, 4",21684161
припинено,"Акціонерний комерційний банк ""ОЛБанк""",,,,"253002, м. Київ, вул. М.Раскової, 19",21568696
припинено,"Акціонерний банк ""Еталон""",,,,"252114, м. Київ, вул. Вишгородська51/1 (пошта-Прорізна,6)",2349410
в стані припинення,"ПУБЛІЧНЕ АКЦІОНЕРНЕ ТОВАРИСТВО  ""БАНК ФОРУМ""",64.19 Інші види грошового посередництва,ЛАРЧЕНКО ІРИНА МИКОЛАЇВНА ,"ПАТ "" БАНК ФОРУМ""","02100, м.Київ, Дніпровський район, БУЛЬВАР ВЕРХОВНОЇ РАДИ , будинок 7",21574573
зареєстровано,"ПУБЛІЧНЕ АКЦІОНЕРНЕ ТОВАРИСТВО ""АКЦІОНЕРНИЙ БАНК ""ЕКСПРЕС-БАНК""",64.19 Інші види грошового посередництва,ДІДОВЕЦЬ ВЛАДИСЛАВ ВАЛЕНТИНОВИЧ,"АБ ""ЕКСПРЕС-БАНК""","03049, м.Київ, Солом'янський район, ПРОСПЕКТ ПОВІТРОФЛОТСЬКИЙ, будинок 25",20053145
припинено,"Акціонерний банк ""Кримкредит""",,,,"333004, м. Сімферополь, вул. Куйбишева, 60/24",2068095
в стані припинення,"""ЄВРОПЕЙСЬКИЙ БАНК РОЗВИТКУ ТА ЗАОЩАДЖЕНЬ""",65.12.0 ІНШЕ ГРОШОВЕ ПОСЕРЕДНИЦТВО,БОНДАР ЮРІЙ МИКОЛАЙОВИЧ,"ВАТ""ЄБРЗ""","95000, Автономна Республіка Крим, місто Сімферополь, Залізничний район, ВУЛИЦЯ КАРЛА ЛІБКНЕХТА, будинок 5",20685262
в стані припинення,"ПУБЛІЧНЕ АКЦІОНЕРНЕ ТОВАРИСТВО БАНК ""МОРСЬКИЙ""",64.19 Інші види грошового посередництва,МАТВІЄНКО АНДРІЙ АНАТОЛІЙОВИЧ,"ПАТ БАНК ""МОРСЬКИЙ""","99001, м.Севастополь, Нахімовський район, ВУЛИЦЯ БРЕСТСЬКА, будинок 18, корпус А",20748213
припинено,"КОМЕРЦІЙНИЙ АКЦІОНЕРНИЙ БАНК ""КРИМ-БАНК""",,,,"95000, ВУЛ.КРИЛОВА, Б.37, СІМФЕРОПОЛЬ, АР КРИМ, УКРАЇНА",20679755
припинено,"Акціонерний банк ""Абсолют""",,,,"м. Сімферополь, вул. Гагаріна, 14-а",2070535
припинено,"Акціонерно-Комерційний Банк ""ЯЛТАБАНК""",,,,"м. Ялта, вул. Руданського, 8",2073574
зареєстровано,"ПУБЛІЧНЕ АКЦІОНЕРНЕ ТОВАРИСТВО ""ВІЕС БАНК""",64.19 Інші види грошового посередництва,ПОХОДЗЯЄВА ІРИНА ВІКТОРІВНА,"ПАТ ""ВІЕС БАНК""","79000, Львівська обл., місто Львів, Галицький район, ВУЛ.ГРАБОВСЬКОГО, будинок 11",19358632
зареєстровано,"ПУБЛІЧНЕ АКЦІОНЕРНЕ ТОВАРИСТВО АКЦІОНЕРНО-КОМЕРЦІЙНИЙ БАНК ""ЛЬВІВ""",64.19 Інші види грошового посередництва,ГАВРИЛЯК ІГОР ВОЛОДИМИРОВИЧ,"ПАТ АКБ ""ЛЬВІВ""","79008, Львівська обл., місто Львів, Галицький район, ВУЛИЦЯ СЕРБСЬКА, будинок 1",9801546
зареєстровано,"ПУБЛІЧНЕ АКЦІОНЕРНЕ ТОВАРИСТВО ""КРЕДОБАНК""",64.19 Інші види грошового посередництва,ШАТКОВСКІ ҐЖЕҐОЖ СТАНІСЛАВ,"ПАТ ""КРЕДОБАНК""","79026, Львівська обл., місто Львів, Франківський район, ВУЛ.САХАРОВА, будинок 78",9807862
в стані припинення,"ВІДКРИТЕ АКЦІОНЕРНЕ ТОВАРИСТВО ""СЕЛЯНСЬКИЙ КОМЕРЦІЙНИЙ БАНК ""ДНІСТЕР""",65.12.1 КОМЕРЦІЙНІ БАНКИ,ЯРЕМЧИШИН ІГОР БОГДАНОВИЧ,"ВАТ СКБ ""ДНІСТЕР""","79017, Львівська обл., місто Львів, Личаківський район, ВУЛИЦЯ ПЕРЕЯСЛАВСЬКА, будинок 6-А",19159542
зареєстровано,"ПУБЛІЧНЕ АКЦІОНЕРНЕ ТОВАРИСТВО ""ОКСІ БАНК""",64.19 Інші види грошового посередництва,РОМАНЮК АРСЕН ВІКТОРОВИЧ,"ПАТ ""ОКСІ БАНК""","79019, Львівська обл., місто Львів, Галицький район, ВУЛИЦЯ ГАЗОВА, будинок 17",9306278
припинено,"Акціонерний комерційний ""Генеральний Інвестиційний Банк""",,,,"270026, м. Одеса, Воронцовський пров., 8",1904694
припинено,"Комерційний банк ""Контакт Банк""",,,,"270005, м. Одеса, вул. Хвоpостіна, 45",20042809
припинено,"Акціонерний комерційний банк ""Аркадія""",,,,"270121, м. Одеса, вул. Ленінської Іскpи, 53",20935846
в стані припинення,"ВІДКРИТЕ АКЦІОНЕРНЕ ТОВАРИСТВО ""АКЦІОНЕРНИЙ КОМЕРЦІЙНИЙ БАНК ""ОДЕСА-БАНК""",65.12.0 ІНШЕ ГРОШОВЕ ПОСЕРЕДНИЦТВО,АЙМЕДОВ ВОЛОДИМИР КАКАБАЄВИЧ,"АКБ ""ОДЕСА-БАНК""","65029, Одеська обл., місто Одеса, Приморський район, ВУЛИЦЯ КНЯЗІВСЬКА, будинок 32",19361350
зареєстровано,"ПУБЛІЧНЕ АКЦІОНЕРНЕ ТОВАРИСТВО ""МАРФІН БАНК""",64.19 Інші види грошового посередництва,ГОЙ КОСТЯНТИН ГЕННАДІЙОВИЧ,"ПАТ ""МАРФІН БАНК"" ","68003, Одеська обл., місто Чорноморськ, ПРОСПЕКТ МИРУ, будинок 28",21650966
в стані припинення,"ПУБЛІЧНЕ АКЦІОНЕРНЕ ТОВАРИСТВО АКЦІОНЕРНИЙ БАНК ""ПОРТО-ФРАНКО""",64.19 Інші види грошового посередництва,КРАСЮК ІГОР ІВАНОВИЧ,"АБ ""ПОРТО-ФРАНКО""","65026, Одеська обл., місто Одеса, Приморський район, ВУЛИЦЯ ПУШКІНСЬКА , будинок 10",13881479
припинено,"АКЦІОНЕРНИЙ БАНК ""ПІВДЕННИЙ""",65.12.1 КОМЕРЦІЙНІ БАНКИ,МОРОХОВСЬКИЙ ВАДИМ ВІКТОРОВИЧ,"АБ""ПІВДЕННИЙ""","65014, Одеська обл., місто Одеса, Приморський район, ПРОВУЛОК САБАНСЬКИЙ, будинок 2",20953647
припинено,"АКЦІОНЕРНИЙ КОМЕРЦІЙНИЙ БАНК ""ІНВЕСТБАНК""",65.12.0 ІНШЕ ГРОШОВЕ ПОСЕРЕДНИЦТВО,РЕЗНІЧЕНКО ОЛЕНА МИКОЛАЇВНА,"АКБ ""ІНВЕСТБАНК""","65012, Одеська обл., місто Одеса, Приморський район, ВУЛИЦЯ ВЕЛИКА АРНАУТСЬКА, будинок 2-Б",20935649
в стані припинення,"ПУБЛІЧНЕ АКЦІОНЕРНЕ ТОВАРИСТВО ""ІМЕКСБАНК""",64.19 Інші види грошового посередництва,МАТВІЄНКО  АНДРІЙ АНАТОЛІЙОВИЧ,"АТ ""ІМЕКСБАНК""","65039, Одеська обл., місто Одеса, Приморський район, ПРОСПЕКТ ГАГАРІНА, будинок 12-А",20971504
припинено,"ТОВАРИСТВО З ОБМЕЖЕНОЮ ВІДПОВІДАЛЬНІСТЮ ""ФІНРОСТБАНК""",65.12.1 КОМЕРЦІЙНІ БАНКИ,ІВАНІЧЕВ АРТЕМ СЕРГІЙОВИЧ,"ТОВ ""ФІНРОСТБАНК""","65104, Одеська обл., місто Одеса, Київський район, ПРОСПЕКТ АКАДЕМІКА ГЛУШКА, будинок 13",14366762
припинено,"Акціонерний банк ""Арманд""",,,,"270079, м. Одеса, пл.Куликове поле,1",20949114
в стані припинення,"ПУБЛІЧНЕ АКЦІОНЕРНЕ ТОВАРИСТВО  ""ФІНБАНК""",64.19 Інші види грошового посередництва,ІРКЛІЄНКО ЮРІЙ ПЕТРОВИЧ,"ПАТ ""ФІНБАНК""","65032, Одеська обл., місто Одеса, Приморський район, ПРОСПЕКТ ШЕВЧЕНКА, будинок 4 А",20041917
зареєстровано,"ПУБЛІЧНЕ АКЦІОНЕРНЕ ТОВАРИСТВО  ""МІСТО БАНК""",64.19 Інші види грошового посередництва,ДЕМЧЕНКО ІВАН АНАТОЛІЙОВИЧ,"АТ ""МІСТО БАНК""","65009, Одеська обл., місто Одеса, Приморський район, ФОНТАНСЬКА ДОРОГА, будинок 11",20966466
в стані припинення,"ПУБЛІЧНЕ АКЦІОНЕРНЕ ТОВАРИСТВО ""АВТОКРАЗБАНК""",64.19 Інші види грошового посередництва,ТРЕТЯК ВОЛОДИМИР ОЛЕКСАНДРОВИЧ,"ПАТ "" АКБ БАНК""","39600, Полтавська обл., місто Кременчук, Автозаводський район, ВУЛИЦЯ КИЇВСЬКА, будинок 8",20046323
припинено,"АКЦІОНЕРНИЙ КОМЕРЦІЙНИЙ БАНК ""МТ-БАНК""",65.12.1 КОМЕРЦІЙНІ БАНКИ,ГРЕБІНСЬКИЙ ЛЕОНІД АНДРІЙОВИЧ,"АКБ ""МТ-БАНК""","39600, ВУЛ.ЛЕНІНА, 18/14, М.КРЕМЕНЧУК, КРЮКІВСЬКИЙ РАЙОН, ПОЛТАВСЬКА ОБЛАСТЬ, УКРАЇНА",21986488
зареєстровано,"ПУБЛІЧНЕ АКЦІОНЕРНЕ ТОВАРИСТВО ""ПОЛТАВА-БАНК""",64.19 Інші види грошового посередництва,ПЕРЕВЕРЗЕВ ВІТАЛІЙ СТАНІСЛАВОВИЧ,"ПАТ ""ПОЛТАВА-БАНК""","36020, Полтавська обл., місто Полтава, Октябрський район, ВУЛИЦЯ  ПИЛИПА ОРЛИКА, будинок 40 А",9807595
зареєстровано,"ПУБЛІЧНЕ АКЦІОНЕРНЕ ТОВАРИСТВО ""ПРОМИСЛОВО-ФІНАНСОВИЙ БАНК""",64.19 Інші види грошового посередництва,ВАСИЛЬЧЕНКО ОЛЕКСАНДР ВАЛЕРІЙОВИЧ,"ПАТ ""ПФБ""","39627, Полтавська обл., місто Кременчук, Автозаводський район, КВАРТАЛ 278, будинок 22-Б",25292831
припинено,"Комерційний банк ""Зоря""",,,,"265702, с. Зоря, вул. Сморжівська, 45",13986250
припинено,"Комерційний банк ""Княжий""",,,,"266000, м. Рівне, вул. Кавказька, 9,(лікв ком т.20080,62589)",21094713
в стані припинення,"ПУБЛІЧНЕ АКЦІОНЕРНЕ ТОВАРИСТВО ""БАНК ПРОФЕСІЙНОГО ФІНАНСУВАННЯ""",64.19 Інші види грошового посередництва,ІРКЛІЄНКО ЮРІЙ ПЕТРОВИЧ,"ПАТ ""ПРОФІН БАНК""","01135, м.Київ, Шевченківський район, ВУЛИЦЯ ДМИТРІВСЬКА, будинок 69",9806437
зареєстровано,"ПУБЛІЧНЕ АКЦІОНЕРНЕ ТОВАРИСТВО ""АКЦІОНЕРНО-КОМЕРЦІЙНИЙ БАНК ""КАПІТАЛ""",64.19 Інші види грошового посередництва,ІЛЬЧУК ОЛЕКСАНДР ПАВЛОВИЧ,"ПАТ ""АКБ ""КАПІТАЛ""","83001, Донецька обл., місто Донецьк, Ворошиловський район, ВУЛИЦЯ АРТЕМА, будинок 63",13486837
зареєстровано,"ПУБЛІЧНЕ АКЦІОНЕРНЕ ТОВАРИСТВО ""БАНК ФАМІЛЬНИЙ""",64.19 Інші види грошового посередництва,ДОЛЖЕНКО ОЛЬГА ВОЛОДИМИРІВНА,"ПАТ ""БАНК ФАМІЛЬНИЙ""","03039, м.Київ, Голосіївський район, ПРОСПЕКТ ГОЛОСІЇВСЬКИЙ, будинок 26-А",20042839
зареєстровано,"ПУБЛІЧНЕ АКЦІОНЕРНЕ ТОВАРИСТВО ""ПЕРШИЙ УКРАЇНСЬКИЙ МІЖНАРОДНИЙ БАНК""",64.19 Інші види грошового посередництва,ЧЕРНЕНКО СЕРГІЙ ПАВЛОВИЧ,"ПАТ ""ПУМБ""","04070, м.Київ, Подільський район, ВУЛИЦЯ АНДРІЇВСЬКА, будинок 4",14282829
припинено,"ВІДКРИТЕ АКЦІОНЕРНЕ ТОВАРИСТВО АКЦІОНЕРНИЙ БАНК ""ДОНВУГЛЕКОМБАНК""",88.88.8 ІНФОРМАЦІЯ ВВЕДЕНА З РЕЇСТРАЦІЙНОЇ КАРТКИ - ВИД ДІЯЛЬНОСТІ ВІДСУТНІЙ,,,"83000, Донецька обл., місто Донецьк, Ворошиловський район, ВУЛИЦЯ АРТЕМА, будинок 63",9804355
припинено,"Макіївський акціонерний комерційний банк ""ШАХТЕКОНОМБАНК""",,,,"339000, м. Макіївка, пл.Радянська, 2",9801641
припинено,"Комерційний банк ""Паритет""",,,,"м. Донецьк, Ходаківського, 5",20015050
в стані припинення,"ПУБЛІЧНЕ АКЦІОНЕРНЕ ТОВАРИСТВО  ""УКРАЇНСЬКИЙ БІЗНЕС БАНК""",64.19 Інші види грошового посередництва,БІЛА ІРИНА ВОЛОДИМИРІВНА,"ПАТ ""УКРБІЗНЕСБАНК""","83001, Донецька обл., місто Донецьк, Ворошиловський район, ВУЛИЦЯ АРТЕМА, будинок 125",19388768
припинено,"ПУБЛІЧНЕ АКЦІОНЕРНЕ ТОВАРИСТВО ""ДОНГОРБАНК""",65.12.0 ІНШЕ ГРОШОВЕ ПОСЕРЕДНИЦТВО,КОСЕНКО НАТАЛІЯ ФЕЛІКСІВНА,"ПАТ ""ДОНГОРБАНК""","83086, Донецька обл., місто Донецьк, Ворошиловський район, ВУЛ.АРТЕМА,  Б.38",20365318
в стані припинення,"ПУБЛІЧНЕ АКЦІОНЕРНЕ ТОВАРИСТВО ""КОМЕРЦІЙНИЙ БАНК ""ПРОМЕКОНОМБАНК""",64.19 Інші види грошового посередництва,ВОЛОЩУК ІГОР ГРИГОРОВИЧ,"ПАТ ""КБ ""ПРОМЕКОНОМБАНК""","83062, Донецька обл., місто Донецьк, Ленінський район, ПРОСПЕКТ ЛЕНІНСЬКИЙ, будинок 4",20058668
"зареєстровано, свідоцтво про державну реєстрацію недійсне","АКЦІОНЕРНО-КОМЕРЦІЙНИЙ БАНК ""АЗОВ-БАНК""",,,,"87500, Донецька обл., місто Маріуполь, Жовтневий район, ПРОСПЕКТ ЛЕНІНА, будинок 35",21955111
припинено,"ТОВАРИСТВО З ОБМЕЖЕНОЮ ВІДПОВІДАЛЬНІСТЮ ""УНІКОМБАНК""",65.12.0 ІНШЕ ГРОШОВЕ ПОСЕРЕДНИЦТВО,ШАПОВАЛОВА НЕЛЛЯ МИКОЛАЇВНА,"ТОВ ""УНІКОМБАНК""","83048, Донецька обл., місто Донецьк, Київський район, ВУЛ.ЧЕЛЮСКІНЦІВ,  202,  А",26287625
в стані припинення,"ПУБЛІЧНЕ АКЦІОНЕРНЕ ТОВАРИСТВО ""КОМЕРЦІЙНИЙ БАНК ""ПІВДЕНКОМБАНК""",64.19 Інші види грошового посередництва,СЛАВКІНА МАРИНА АНАТОЛІЇВНА,"ПАТ""КБ ""ПІВДЕНКОМБАНК""","83015, Донецька обл., місто Донецьк, Ворошиловський район, ПРОСПЕКТ ВАТУТІНА, будинок 33-А",19358767
припинено,"Відкрите акціонерне товариство ""Акціонерний комерційний банк ""Західбудгазбанк""",,,,"76000, м. Івано-Франківськ, вул. Hезалежності, 93,а",13641864
зареєстровано,"ПУБЛІЧНЕ АКЦІОНЕРНЕ ТОВАРИСТВО  ""ІДЕЯ БАНК """,64.19 Інші види грошового посередництва,ВЛАСЕНКО МИХАЙЛО ВАЛЕРІЙОВИЧ,"ПАТ ""ІДЕЯ БАНК ""","79008, Львівська обл., місто Львів, Галицький район, ВУЛИЦЯ ВАЛОВА, будинок 11",19390819
припинено,"Акціонерний комерційний банк ""Слобожанщина""",,,,"244030, м. Суми, вул. Кірова, 4",1400564
припинено,"ТОВАРИСТВО З ОБМЕЖЕНОЮ ВІДПОВІДАЛЬНІСТЮ КОМЕРЦІЙНИЙ БАНК ""ВОЛОДИМИРСЬКИЙ""",65.12.1 КОМЕРЦІЙНІ БАНКИ,РЯБОВ ОЛЕГ АНАТОЛІЙОВИЧ,"ТОВ КБ ""ВОЛОДИМИРСЬКИЙ""","40030, Сумська обл., місто Суми, Зарічний район, ПЛОЩА НЕЗАЛЕЖНОСТІ, будинок 10",26120084
припинено,"Акціонерний банк ""Тернопіль - кредит""",,,,"282000, м. Тернопіль, вул. Йосипа Сліпого, 8",19361427
зареєстровано,"ПУБЛІЧНЕ АКЦІОНЕРНЕ ТОВАРИСТВО ""БАНК ""ПОРТАЛ""",64.19 Інші види грошового посередництва,ПІДДУБНИЙ РОМАН МИХАЙЛОВИЧ,"ПАТ ""БАНК ""ПОРТАЛ""","01135, м.Київ, Шевченківський район, ПРОСПЕКТ ПЕРЕМОГИ, будинок 5 А",38870739
в стані припинення,"ПУБЛІЧНЕ АКЦІОНЕРНЕ ТОВАРИСТВО ""ВЕКТОР БАНК""",64.19 Інші види грошового посередництва,САВЕЛЬЄВА АННА МИКОЛАЇВНА,"ПАТ ""ВЕКТОР БАНК""","01033, м.Київ, Голосіївський район, ВУЛИЦЯ ТАРАСІВСЬКА, будинок 9",39037656
зареєстровано,"ПУБЛІЧНЕ АКЦІОНЕРНЕ ТОВАРИСТВО  ""КРИСТАЛБАНК""",64.19 Інші види грошового посередництва,ГРЕБІНСЬКИЙ ЛЕОНІД АНДРІЙОВИЧ,"ПАТ ""КРИСТАЛБАНК""","04053, м.Київ, Шевченківський район, ВУЛИЦЯ КУДРЯВСЬКИЙ УЗВІЗ, будинок 2",39544699
зареєстровано,"ПУБЛІЧНЕ АКЦІОНЕРНЕ ТОВАРИСТВО ""РВС БАНК""",64.19 Інші види грошового посередництва,КРАВЕЦЬ ВЛАДИСЛАВ ІВАНОВИЧ,"ПАТ ""РВС БАНК""","04071, м.Київ, Подільський район, ВУЛИЦЯ ВВЕДЕНСЬКА, будинок 29/58",39849797
в стані припинення,"ПУБЛІЧНЕ АКЦІОНЕРНЕ ТОВАРИСТВО ""МІСЬКИЙ КОМЕРЦІЙНИЙ БАНК""",64.19 Інші види грошового посередництва,ОБЕРЕМКО РОМАН АНАТОЛІЙОВИЧ,"ПАТ ""МІСЬКИЙ КОМЕРЦІЙНИЙ БАНК""","03141, м.Київ, Солом'янський район, ВУЛИЦЯ СОЛОМ'ЯНСЬКА, будинок 33",34353904
зареєстровано,"ПУБЛІЧНЕ АКЦІОНЕРНЕ ТОВАРИСТВО ""ТАСКОМБАНК""",64.19 Інші види грошового посередництва,МЕЛЕШ КАТЕРИНА ВОЛОДИМИРІВНА,"АТ ""ТАСКОМБАНК""","01032, м.Київ, Шевченківський район, ВУЛИЦЯ СИМОНА ПЕТЛЮРИ, будинок 30",9806443
зареєстровано,"ПУБЛІЧНЕ АКЦІОНЕРНЕ ТОВАРИСТВО ""КОМЕРЦІЙНИЙ БАНК ""ПРЕМІУМ""",64.19 Інші види грошового посередництва,ПЕРВАК ЛЕОНІД МИКОЛАЙОВИЧ,"ПАТ ""КБ ""ПРЕМІУМ""","01014, м.Київ, Печерський район, ВУЛ.БАСТІОННА, будинок 1/36",35264721
зареєстровано,"ПУБЛІЧНЕ АКЦІОНЕРНЕ ТОВАРИСТВО ""РОЗРАХУНКОВИЙ ЦЕНТР З ОБСЛУГОВУВАННЯ ДОГОВОРІВ НА ФІНАНСОВИХ РИНКАХ""",64.19 Інші види грошового посередництва,ШАПОВАЛ ЮРІЙ ІВАНОВИЧ,"ПАТ ""РОЗРАХУНКОВИЙ ЦЕНТР""","04107, м.Київ, Шевченківський район, ВУЛИЦЯ ТРОПІНІНА, будинок 7-Г",35917889
зареєстровано,"ПУБЛІЧНЕ АКЦІОНЕРНЕ ТОВАРИСТВО  ""УКРСИББАНК""",64.19 Інші види грошового посередництва,ДЮМЕЛЬ ФІЛІП БЕРНАР,"АТ ""УКРСИББАНК""","04070, м.Київ, Подільський район, ВУЛИЦЯ АНДРІЇВСЬКА, будинок 2/12",9807750
зареєстровано,"ПУБЛІЧНЕ АКЦІОНЕРНЕ ТОВАРИСТВО ""СКАЙ БАНК""",64.19 Інші види грошового посередництва,СЄРЬОГІН КОСТЯНТИН ВІКТОРОВИЧ,"ПАТ ""СКАЙ БАНК""","01054, м.Київ, Шевченківський район, ВУЛИЦЯ  ГОНЧАРА ОЛЕСЯ, будинок 76/2",9620081
в стані припинення,"ПУБЛІЧНЕ АКЦІОНЕРНЕ ТОВАРИСТВО ""РЕАЛ БАНК""",64.19 Інші види грошового посередництва,ЄРМАК ВАЛЕРІЙ ОЛЕКСАНДРОВИЧ,"ПАТ ""РЕАЛ БАНК""","61072, Харківська обл., місто Харків, Дзержинський район, ПРОСПЕКТ ЛЕНІНА, будинок 60",14360721
зареєстровано,"ПУБЛІЧНЕ АКЦІОНЕРНЕ ТОВАРИСТВО ""СХІДНО-УКРАЇНСЬКИЙ БАНК ""ГРАНТ""",64.19 Інші види грошового посередництва,МАРТИРОСОВ ВОЛОДИМИР ІВАНОВИЧ,"ПАТ ""БАНК ""ГРАНТ""","61001, Харківська обл., місто Харків, Дзержинський район, ВУЛИЦЯ ДАНИЛЕВСЬКОГО, будинок 19",14070197
зареєстровано,"ПУБЛІЧНЕ АКЦІОНЕРНЕ ТОВАРИСТВО ""МЕГАБАНК""",64.19 Інші види грошового посередництва,ШИПІЛОВ ОЛЕКСАНДР ОЛЕКСАНДРОВИЧ,"ПАТ ""МЕГАБАНК""","61002, Харківська обл., місто Харків, Київський район, ВУЛИЦЯ АЛЧЕВСЬКИХ, будинок 30",9804119
в стані припинення,"ПУБЛІЧНЕ АКЦІОНЕРНЕ ТОВАРИСТВО ""ЗЕМЕЛЬНИЙ БАНК""",65.12.1 КОМЕРЦІЙНІ БАНКИ,ГРІШИНА НІНА ЛЕОНІДІВНА,"ПАТ ""ЗЕМБАНК""","61057, Харківська обл., місто Харків, Київський район, ВУЛИЦЯ ЧЕРНИШЕВСЬКА, будинок 4",19358721
в стані припинення,"ПУБЛІЧНЕ АКЦІОНЕРНЕ ТОВАРИСТВО БАНК ""МЕРКУРІЙ""",64.19 Інші види грошового посередництва,ЄРМАК ВАЛЕРІЙ ОЛЕКСАНДРОВИЧ,"АТ БАНК ""МЕРКУРІЙ""","61002, Харківська обл., місто Харків, Київський район, ВУЛИЦЯ ПЕТРОВСЬКОГО, будинок 23",14360386
припинено,"АКЦІОНЕРНИЙ БАНК ""ФАКТОРІАЛ-БАНК""",65.12.1 КОМЕРЦІЙНІ БАНКИ,БАЛИК СВІТЛАНА ЄВГЕНІВНА,"АБ""ФАКТОРІАЛ-БАНК""","61057, Харківська обл., місто Харків, Дзержинський район, ВУЛИЦЯ РИМАРСЬКА, будинок 32",14350784
зареєстровано,"ПУБЛІЧНЕ АКЦІОНЕРНЕ ТОВАРИСТВО ""АКБ ""БАЗИС""",70.22 Консультування з питань комерційної діяльності й керування,ПИЛИПЕНКО ЄВГЕН АНАТОЛІЙОВИЧ,"ПАТ ""АКБ ""БАЗИС""","84500, Донецька обл., місто Бахмут, ВУЛИЦЯ НЕЗАЛЕЖНОСТІ, будинок 63, квартира 10",19358916
припинено,"Інвестиційно-комерційний акціонерний банк ""Ера""",,,,"310054, м. Харків, вул. Академіка Павлова, 120",19356515
в стані припинення,"ПУБЛІЧНЕ АКЦІОНЕРНЕ ТОВАРИСТВО ""ІННОВАЦІЙНО - ПРОМИСЛОВИЙ БАНК""",64.19 Інші види грошового посередництва,СОЛОВЙОВ ВОЛОДИМИР ОЛЕКСІЙОВИЧ,"ПАТ ""ІНПРОМБАНК""","61003, Харківська обл., місто Харків, Дзержинський район, ВУЛИЦЯ КЛОЧКІВСЬКА, будинок 3",20021814
в стані припинення,"ПУБЛІЧНЕ АКЦІОНЕРНЕ ТОВАРИСТВО ""БАНК ЗОЛОТІ ВОРОТА""",64.19 Інші види грошового посередництва,ЄРМАК ВАЛЕРІЙ ОЛЕКСАНДРОВИЧ,"АТ ""БАНК ЗОЛОТІ ВОРОТА""","61166, Харківська обл., місто Харків, Дзержинський район, ПРОСПЕКТ ЛЕНІНА, будинок 36",20015529
припинено,"Акціонерний банк ""ІНВЕСТ-БАНК УКРАЇНА""",,,,"310166, м. Харків, вул. Новгородська‚ 11",22621582
зареєстровано,"ПУБЛІЧНЕ АКЦІОНЕРНЕ ТОВАРИСТВО ""ПОЛІКОМБАНК""","64.99 Надання інших фінансових послуг (крім страхування та пенсійного забезпечення), н. в. і. у.",ТАРАСОВЕЦЬ МИКОЛА ПАВЛОВИЧ,ПОЛІКОМБАНК,"14013, Чернігівська обл., місто Чернігів, Деснянський район, ВУЛИЦЯ О. МОЛОДЧОГО, будинок 46",19356610
припинено,"Акціонерний комерційний ""Євробанк""",,,,"250000, м. Чернігів, вул. Леніна, 32",14253207
зареєстровано,"ПУБЛІЧНЕ АКЦІОНЕРНЕ ТОВАРИСТВО ""АСВІО БАНК""",64.19 Інші види грошового посередництва,ВОЇНОВА ЛЮДМИЛА АНАТОЛІЇВНА,"ПАТ ""АСВІО БАНК""","14000, Чернігівська обл., місто Чернігів, Деснянський район, ВУЛИЦЯ ПРЕОБРАЖЕНСЬКА, будинок 2",9809192
в стані припинення,"ПУБЛІЧНЕ АКЦІОНЕРНЕ ТОВАРИСТВО ""БАНК ""ДЕМАРК""",64.19 Інші види грошового посередництва,ПАЛАМАРЧУК ВІТАЛІЙ ВІТАЛІЙОВИЧ,"БАНК ""ДЕМАРК""","14000, Чернігівська обл., місто Чернігів, Новозаводський район, ВУЛ. КОМСОМОЛЬСЬКА, будинок 28",19357516
зареєстровано,"ПУБЛІЧНЕ АКЦІОНЕРНЕ ТОВАРИСТВО ""ЄВРОПЕЙСЬКИЙ ПРОМИСЛОВИЙ БАНК""",64.19 Інші види грошового посередництва,ФІЛЕНКОВА ЗОЯ ЮРІЇВНА,"ПАТ ""ЄВРОПРОМБАНК""","01004, м.Київ, Шевченківський район, БУЛЬВАР ШЕВЧЕНКА ТАРАСА, будинок 11, приміщення 51",36061927
зареєстровано,"ПУБЛІЧНЕ АКЦІОНЕРНЕ ТОВАРИСТВО ""КОМЕРЦІЙНИЙ БАНК ""ГЕФЕСТ""",64.19 Інші види грошового посередництва,ВАРХАЛЬОВ ПЕТРО ЮРІЙОВИЧ,"ПАТ ""КОМЕРЦІЙНИЙ БАНК ""ГЕФЕСТ""","04208, м.Київ, Подільський район, ВУЛИЦЯ ПОРИКА ВАСИЛЯ, будинок 13",38770082
в стані припинення,"ПУБЛІЧНЕ АКЦІОНЕРНЕ ТОВАРИСТВО ""КОМЕРЦІЙНИЙ БАНК ""УКРАЇНСЬКИЙ ФІНАНСОВИЙ СВІТ""",64.19 Інші види грошового посередництва,ОБЕРЕМКО РОМАН АНАТОЛІЙОВИЧ,"ПАТ ""КБ ""УФС""","83050, Донецька обл., місто Донецьк, Ворошиловський район, ПРОСПЕКТ МИРУ, будинок 5""Б""",26444836
припинено,"ПУБЛІЧНЕ АКЦІОНЕРНЕ ТОВАРИСТВО ""ФІДОКОМБАНК""",64.19 Інші види грошового посередництва,РОМУШКА ЮРІЙ ОЛЕКСІЙОВИЧ,"ПАТ ""ФКБ БАНК""","03056, м.Київ, Солом'янський район, ВУЛИЦЯ ПОЛЬОВА, будинок 24 /ЛІТ.Д/",34001693
припинено,"ТОВАРИСТВО З ОБМЕЖЕНОЮ ВІДПОВІДАЛЬНІСТЮ ""БАНК РЕНЕСАНС КАПІТАЛ""",65.12.1 КОМЕРЦІЙНІ БАНКИ,КОВАЛЬОВ ОЛЕКСАНДР ІГОРОВИЧ,"ТОВ ""БАНК РЕНЕСАНС КАПІТАЛ""","02002, м.Київ, Дніпровський район, ВУЛИЦЯ РАЇСИ ОКІПНОЇ , будинок 8-Б",26333064
зареєстровано,"ПУБЛІЧНЕ АКЦІОНЕРНЕ ТОВАРИСТВО ""КОМЕРЦІЙНИЙ БАНК ""ФІНАНСОВА ІНІЦІАТИВА""",64.19 Інші види грошового посередництва,КАШУТА ДМИТРО ЄВГЕНОВИЧ,"ПАТ"" КОМЕРЦІЙНИЙ БАНК ""ФІНАНСОВА ІНІЦІАТИВА""","03150, м.Київ, Печерський район, ВУЛИЦЯ ЩОРСА , будинок 7/9",33299878
припинено,"ТОВАРИСТВО З ОБМЕЖЕНОЮ ВІДПОВІДАЛЬНІСТЮ ""КИЇВСЬКИЙ УНІВЕРСАЛЬНИЙ БАНК""",65.12.1 КОМЕРЦІЙНІ БАНКИ,ТИМОФЕЄВ ЄВГЕН ІВАНОВИЧ,"ТОВ ""КИЇВСЬКИЙ УНІВЕРСАЛЬНИЙ БАНК""","02098, м.Київ, Дніпровський район, ПРОСПЕКТ ПАВЛА ТИЧИНИ, будинок 8",14263173
зареєстровано,"ПУБЛІЧНЕ АКЦІОНЕРНЕ ТОВАРИСТВО ""АКЦІОНЕРНИЙ КОМЕРЦІЙНИЙ БАНК ""ТРАСТ-КАПІТАЛ""",64.19 Інші види грошового посередництва,КРАВЧЕНКО ПЕТРО ІВАНОВИЧ,"ПАТ ""АКБ ""ТРАСТ-КАПІТАЛ""","01103, м.Київ, Печерський район, ВУЛИЦЯ ПІДВИСОЦЬКОГО, будинок 7",26519933
припинено,"КОМЕРЦІЙНИЙ БАНК ""УКРАЇНСЬКА ФІНАНСОВА ГРУПА""-ТОВАРИСТВО З ОБМЕЖЕНОЮ ВІДПОВІДАЛЬНІСТЮ",64.19 Інші види грошового посередництва,ФАТЄЄВА ВІКТОРІЯ ЛЕОНІДІВНА,"КБ ""УФГ""-ТОВ","01021, м.Київ, Печерський район, ВУЛ. ГРУШЕВСЬКОГО МИХАЙЛА/КРІПОСНИЙ ЯР, будинок №34/1, ЛІТ А",26549574
в стані припинення,"АКЦІОНЕРНИЙ КОМЕРЦІЙНИЙ БАНК ""ЄВРОПЕЙСЬКИЙ""",65.12.1 КОМЕРЦІЙНІ БАНКИ,КОВАЛЕВСЬКИЙ ВІТАЛІЙ ОЛЕКСАНДРОВИЧ,"АКБ ""ЄВРОПЕЙСЬКИЙ""","04070, м.Київ, Подільський район, ВУЛИЦЯ ПОЧАЙНИНСЬКА, будинок 38/44",19359904
припинено,"ЗАКРИТЕ АКЦІОНЕРНЕ ТОВАРИСТВО ""ВНЄШТОРГБАНК УКРАЇНА """,65 ГРОШОВЕ ТА  ФІНАНСОВЕ ПОСЕРЕДНИЦТВО,КНІГНІЦЬКИЙ ЯРОСЛАВ МИХАЙЛОВИЧ,"ЗАТ ""ВНЄШТОРГБАНК УКРАЇНА""","01033, м.Київ, Голосіївський район, ВУЛИЦЯ ЖИЛЯНСЬКА, будинок 35",33294890
в стані припинення,"ПУБЛІЧНЕ АКЦІОНЕРНЕ ТОВАРИСТВО ""ДЕЛЬТА БАНК""",64.19 Інші види грошового посередництва,КАДИРОВ ВЛАДИСЛАВ ВОЛОДИМИРОВИЧ,"АТ ""ДЕЛЬТА БАНК""","01133, м.Київ, Печерський район,   ВУЛ. ЩОРСА , будинок 36-Б",34047020
в стані припинення,"ВІДКРИТЕ АКЦІОНЕРНЕ ТОВАРИСТВО КОМЕРЦІЙНИЙ БАНК ""ІПОБАНК""",65.12.0 ІНШЕ ГРОШОВЕ ПОСЕРЕДНИЦТВО,ВЛАСЕНКО ЮРІЙ МИКОЛАЙОВИЧ,"ВАТ КБ ""ІПОБАНК""","03124, м.Київ, Солом'янський район, ВУЛИЦЯ МИКОЛИ ВАСИЛЕНКА, будинок 15",34540768
припинено,"ТОВАРИСТВО З ОБМЕЖЕНОЮ ВІДПОВІДАЛЬНІСТЮ ""БАНК ІНВЕСТИЦІЙ ТА ЗАОЩАДЖЕНЬ""",65.12.1 КОМЕРЦІЙНІ БАНКИ,АНТОНЮК ВОЛОДИМИР ЄВГЕНОВИЧ,"ТОВ ""БАНК ІНВЕСТИЦІЙ ТА ЗАОЩАДЖЕНЬ""","04119, м.Київ, Шевченківський район, ВУЛИЦЯ МЕЛЬНИКОВА, будинок 83-Д",33695095
зареєстровано,"ПУБЛІЧНЕ АКЦІОНЕРНЕ ТОВАРИСТВО ""КСГ""","64.99 Надання інших фінансових послуг (крім страхування та пенсійного забезпечення), н. в. і. у.",СКОРОХОД АНДРІЙ ВОЛОДИМИРОВИЧ,"ПАТ ""КСГ""","49044, Дніпропетровська обл., місто Дніпро, Соборний район, ВУЛИЦЯ ЛИВАРНА, будинок 6",19364584
в стані припинення,"ТОВАРИСТВО З ОБМЕЖЕНОЮ ВІДПОВІДАЛЬНІСТЮ КОМЕРЦІЙНИЙ БАНК ""АРМА""",65.12.0 ІНШЕ ГРОШОВЕ ПОСЕРЕДНИЦТВО,ДОВГОПОЛЮК ОЛЕКСАНДР ІВАНОВИЧ,,"01033, м.Київ, Голосіївський район, ВУЛИЦЯ ЖИЛЯНСЬКА, будинок 41-А",26379729
в стані припинення,"ПУБЛІЧНЕ АКЦІОНЕРНЕ ТОВАРИСТВО ""ФІНЕКСБАНК""",64.19 Інші види грошового посередництва,ПЕТРЕНКО ВЛАДЛЕН ГРИГОРОВИЧ,"ПАТ ""ФІНЕКСБАНК""","03038, м.Київ, Солом'янський район, ВУЛИЦЯ МИКОЛИ ГРІНЧЕНКА, будинок 4,  ЛІТ.Б",20021524
припинено,"ТОВАРИСТВО З ОБМЕЖЕНОЮ ВІДПОВІДАЛЬНІСТЮ ""БАНК БОГУСЛАВ""",65.12.0 ІНШЕ ГРОШОВЕ ПОСЕРЕДНИЦТВО,ТКАЧЕНКО СВІТЛАНА ЮРІЇВНА,"ТОВ ""БАНК БОГУСЛАВ""","04080, м.Київ, Подільський район, ВУЛИЦЯ НИЖНЬОЮРКІВСЬКА, будинок 81",34540113
припинено,"ТОВАРИСТВО З ОБМЕЖЕНОЮ ВІДПОВІДАЛЬНІСТЮ КОМЕРЦІЙНИЙ БАНК ""ЄВРОБАНК""",65.12.1 КОМЕРЦІЙНІ БАНКИ,КУЧМЕНКО ОЛЕКСАНДР МИКОЛАЙОВИЧ,"ТОВ КБ ""ЄВРОБАНК""","01032, м.Київ, Шевченківський район, БУЛЬВАР ТАРАСА ШЕВЧЕНКА, будинок 35",33305163
зареєстровано,"ПУБЛІЧНЕ АКЦІОНЕРНЕ ТОВАРИСТВО ""КРЕДИТ ЄВРОПА БАНК""",64.19 Інші види грошового посередництва,АНЛИАТАМЕР ОНУР,"ПАТ ""КРЕДИТ ЄВРОПА БАНК""","01601, м.Київ, Печерський район, ВУЛИЦЯ МЕЧНІКОВА, будинок 2",34576883
припинено,"ЗАКРИТЕ АКЦІОНЕРНЕ ТОВАРИСТВО ""УКРАЇНСЬКИЙ БУДІВЕЛЬНО-ІНВЕСТИЦІЙНИЙ БАНК""",65.12.1 КОМЕРЦІЙНІ БАНКИ,ТАМРАЗЯН ГОАР АЗАТОВНА,"ЗАТ ""УКРБУДІНВЕСТБАНК""","01133, м.Київ, Печерський район, БУЛЬВАР ЛЕСІ УКРАЇНКИ, будинок 30 В",26547581
припинено,"ЗАКРИТЕ АКЦІОНЕРНЕ ТОВАРИСТВО ""МІЖНАРОДНИЙ ІПОТЕЧНИЙ БАНК""",65.22.0 НАДАННЯ КРЕДИТІВ,ФРАНКОВСЬКА ОЛЕНА ВІКТОРІВНА,"ЗАТ ""МІЖНАРОДНИЙ ІПОТЕЧНИЙ БАНК""","04050, м.Київ, Шевченківський район,  ВУЛИЦЯ ПИМОНЕНКА, будинок 13, корпус 4",33308489
в стані припинення,"ПУБЛІЧНЕ АКЦІОНЕРНЕ ТОВАРИСТВО ""БАНК КАМБІО""",64.19 Інші види грошового посередництва,ДОДУСЕНКО ВОЛОДИМИР ІВАНОВИЧ,"ПАТ ""БАНК КАМБІО""","01001, м.Київ, Печерський район, ВУЛИЦЯ ЗАНЬКОВЕЦЬКОЇ/СТАНІСЛАВСЬКОГО, будинок 3/1",26549700
припинено,"ТОВАРИСТВО З ОБМЕЖЕНОЮ ВІДПОВІДАЛЬНІСТЮ ""БАНК РУСКИЙ СТАНДАРТ""",65.12.1 КОМЕРЦІЙНІ БАНКИ,КОМАШКО ОЛЕНА ЛЕОНІДІВНА,"ТОВ ""БАНК РУСКИЙ СТАНДАРТ""","04107, м.Київ, Шевченківський район, ВУЛИЦЯ ПОЛОВЕЦЬКА, будинок 3/42",34186061
в стані припинення,"ПУБЛІЧНЕ АКЦІОНЕРНЕ ТОВАРИСТВО ""ЄВРОПЕЙСЬКИЙ ГАЗОВИЙ БАНК""",64.19 Інші види грошового посередництва,ОБЕРЕМКО РОМАН АНАТОЛІЙОВИЧ,"АТ ""ЄВРОГАЗБАНК""","04073, м.Київ, Оболонський район, ПРОСПЕКТ МОСКОВСЬКИЙ, будинок 16",34693790
припинено,"ЗАКРИТЕ АКЦІОНЕРНЕ ТОВАРИСТВО ""ВЕСТ ФАЙНЕНС ЕНД КРЕДИТ БАНК""",65.12.0 ІНШЕ ГРОШОВЕ ПОСЕРЕДНИЦТВО,ДОБРОВ МИХАЙЛО ГЕННАДІЙОВИЧ,"ЗАТ""КРЕДИТВЕСТ БАНК""","03150, м.Київ, Печерський район, ВУЛИЦЯ КОВПАКА, будинок 17",34575675
в стані припинення,"ПУБЛІЧНЕ АКЦІОНЕРНЕ ТОВАРИСТВО БАНК ""ТРАСТ""",64.19 Інші види грошового посередництва,КУХАРЕВ ВОЛОДИМИР ВАЛЕНТИНОВИЧ,"ПАТ БАНК ""ТРАСТ""","01014, м.Київ, Печерський район, ВУЛИЦЯ БОЛСУНОВСЬКА, будинок 8",35371070
зареєстровано,"ПУБЛІЧНЕ АКЦІОНЕРНЕ ТОВАРИСТВО ""КОМЕРЦІЙНИЙ БАНК ""СОЮЗ""",64.19 Інші види грошового посередництва,БУГАЙОВ АНДРІЙ ІВАНОВИЧ,"АТ ""КБ ""СОЮЗ""","01010, м.Київ, Печерський район, ВУЛИЦЯ СУВОРОВА, будинок 4",35574578
зареєстровано,"ПУБЛІЧНЕ АКЦІОНЕРНЕ ТОВАРИСТВО ""КОМЕРЦІЙНИЙ БАНК ""ГЛОБУС""",64.19 Інші види грошового посередництва,МАМЕДОВ СЕРГІЙ ГЕННАДІЙОВИЧ,"ПАТ ""КБ ""ГЛОБУС""","04073, м.Київ, Оболонський район, ПРОВУЛОК КУРЕНІВСЬКИЙ, будинок 19/5",35591059
в стані припинення,"ПУБЛІЧНЕ АКЦІОНЕРНЕ ТОВАРИСТВО ""ВСЕУКРАЇНСЬКИЙ АКЦІОНЕРНИЙ БАНК""",64.19 Інші види грошового посередництва,СЛАВКІНА МАРИНА АНАТОЛІЇВНА,"ПАТ ""ВІЕЙБІ БАНК""","04119, м.Київ, Шевченківський район, ВУЛИЦЯ ДЕГТЯРІВСЬКА, будинок 27 Т",19017842
зареєстровано,"ПУБЛІЧНЕ АКЦІОНЕРНЕ ТОВАРИСТВО ""АГРОПРОСПЕРІС БАНК""",64.19 Інші види грошового посередництва,ЩЕПАНСЬКИЙ СЕРГІЙ АНАТОЛІЙОВИЧ,"ПАТ ""АП БАНК""","04119, м.Київ, Шевченківський район, ВУЛИЦЯ ДЕГТЯРІВСЬКА, БУДИНОК 27-Т (ЛІТЕРА А)",35590956
припинено,"ТОВАРИСТВО З ОБМЕЖЕНОЮ ВІДПОВІДАЛЬНІСТЮ ""УКРФІНАНСБАНК""",65.12.0 ІНШЕ ГРОШОВЕ ПОСЕРЕДНИЦТВО,КРИВЕЦЬ ВАЛЕРІЙ ВОЛОДИМИРОВИЧ,"ТОВ ""УКРФІНАНСБАНК""","01054, м.Київ, Шевченківський район, ВУЛИЦЯ ДМИТРІВСЬКА, будинок 69",34819265
зареєстровано,"ПУБЛІЧНЕ АКЦІОНЕРНЕ ТОВАРИСТВО ""МІЖНАРОДНИЙ ІНВЕСТИЦІЙНИЙ БАНК""",64.19 Інші види грошового посередництва,ЛЮДВИК КОСТЯНТИН АНАТОЛІЙОВИЧ,"ПАТ ""МІБ""","01015, м.Київ, Печерський район, ВУЛИЦЯ ЛАВРСЬКА, будинок 16",35810511
в стані припинення,"ПУБЛІЧНЕ АКЦІОНЕРНЕ ТОВАРИСТВО ""ТЕРРА БАНК""",64.19 Інші види грошового посередництва,ІРКЛІЄНКО ЮРІЙ ПЕТРОВИЧ,"ПАТ ""ТЕРРА БАНК""","01103, м.Київ, Печерський район, БУЛЬВАР ДРУЖБИ НАРОДІВ, будинок 28 В",24425738
в стані припинення,"ПУБЛІЧНЕ АКЦІОНЕРНЕ ТОВАРИСТВО ""ЗЛАТОБАНК""",64.19 Інші види грошового посередництва,СЛАВКІНА МАРИНА АНАТОЛІЇВНА,"АТ ""ЗЛАТОБАНК""","01030, м.Київ, Шевченківський район, ВУЛИЦЯ Б.ХМЕЛЬНИЦЬКОГО, будинок 17/52",35894495
в стані припинення,"ПУБЛІЧНЕ АКЦІОНЕРНЕ ТОВАРИСТВО ""БАНК СТОЛИЦЯ""",65.12.0 ІНШЕ ГРОШОВЕ ПОСЕРЕДНИЦТВО,КУНО ЄВГЕНІЙ ГЕННАДІЙОВИЧ,"ПАТ  ""БАНК СТОЛИЦЯ""","04205, м.Київ, Оболонський район, ВУЛИЦЯ МАРШАЛА ТИМОШЕНКО, будинок 29-Б",26520464
зареєстровано,"ПУБЛІЧНЕ АКЦІОНЕРНЕ ТОВАРИСТВО ""КОМЕРЦІЙНИЙ БАНК ""АКОРДБАНК""",64.19 Інші види грошового посередництва,КОТ ЗІНАЇДА ПЕТРІВНА,"ПУАТ ""КБ ""АКОРДБАНК""","04136, м.Київ, Подільський район, ВУЛИЦЯ СТЕЦЕНКО, будинок 6",35960913
зареєстровано,"ПУБЛІЧНЕ АКЦІОНЕРНЕ ТОВАРИСТВО ""БАНК 3/4""",64.19 Інші види грошового посередництва,ІЩЕНКО ВАДИМ АНДРІЙОВИЧ,"ПАТ ""БАНК 3/4""","04080, м.Київ, Подільський район, ВУЛИЦЯ КИРИЛІВСЬКА, будинок 25",36002395
в стані припинення,"ПУБЛІЧНЕ АКЦІОНЕРНЕ ТОВАРИСТВО ""ЕРДЕ БАНК""",64.19 Інші види грошового посередництва,КАРАЧЕНЦЕВ АРТЕМ ЮРІЙОВИЧ,"АТ ""ЕРДЕ БАНК""","04070, м.Київ, Подільський район, ВУЛИЦЯ П. САГАЙДАЧНОГО/ІГОРІВСЬКА, будинок 10/5 ЛІТЕРА А",34817907
зареєстровано,"ПУБЛІЧНЕ АКЦІОНЕРНЕ ТОВАРИСТВО ""ВЕРНУМ БАНК""",64.19 Інші види грошового посередництва,САВЧУК ОЛЕКСАНДР МИКОЛАЙОВИЧ,"ПАТ ""ВЕРНУМ БАНК""","02094, м.Київ, Дніпровський район, ПРОСПЕКТ  ГАГАРІНА ЮРІЯ, будинок 17-В",36301800
в стані припинення,"ПУБЛІЧНЕ АКЦІОНЕРНЕ ТОВАРИСТВО ""КОМЕРЦІЙНИЙ БАНК ""СТАНДАРТ""",64.19 Інші види грошового посередництва,ІРКЛІЄНКО ЮРІЙ ПЕТРОВИЧ,"ПАТ КБ ""СТАНДАРТ""","04071, м.Київ, Подільський район, ВУЛИЦЯ ПОЧАЙНИНСЬКА, будинок 45",36335426
в стані припинення,"ПУБЛІЧНЕ АКЦІОНЕРНЕ ТОВАРИСТВО ""АВАНТ-БАНК""",64.19 Інші види грошового посередництва,ЛАРЧЕНКО ІРИНА МИКОЛАЇВНА,"ПАТ ""АВАНТ-БАНК""","03110, м.Київ, Солом'янський район, ВУЛИЦЯ ІВАНА КЛИМЕНКА, будинок 23",36406512
в стані припинення,"ПУБЛІЧНЕ АКЦІОНЕРНЕ ТОВАРИСТВО ""ВСЕУКРАЇНСЬКИЙ БАНК РОЗВИТКУ""",64.19 Інші види грошового посередництва,МІХНО СЕРГІЙ СЕМЕНОВИЧ,"ПАТ ""ВБР""","01135, м.Київ, Шевченківський район, ВУЛИЦЯ ЧОРНОВОЛА В'ЯЧЕСЛАВА, будинок 25",36470620
зареєстровано,"ПУБЛІЧНЕ АКЦІОНЕРНЕ ТОВАРИСТВО ""АПЕКС-БАНК""",64.19 Інші види грошового посередництва,КАБАН ВІКТОР ВАСИЛЬОВИЧ,"ПАТ ""АПЕКС-БАНК""","01014, м.Київ, Печерський район, ВУЛИЦЯ ПЕЧЕРСЬКА, будинок 2/16",36482677
зареєстровано,"ПУБЛІЧНЕ АКЦІОНЕРНЕ ТОВАРИСТВО ""ДОЙЧЕ БАНК ДБУ""",64.19 Інші види грошового посередництва,ІВАНОВ-БЛАНКЕНБУРГ БОРИСЛАВ,"ПАТ  ""ДОЙЧЕ БАНК ДБУ"" ","01015, м.Київ, Печерський район, ВУЛИЦЯ ЛАВРСЬКА, будинок 20",36520434
зареєстровано,"ПУБЛІЧНЕ АКЦІОНЕРНЕ ТОВАРИСТВО ""КОМЕРЦІЙНИЙ БАНК ""ЦЕНТР""",64.19 Інші види грошового посередництва,КЛИМОВИЧ ІЛЛЯ ЛЕОНІДОВИЧ,"ПАТ КБ ""ЦЕНТР""","02002, м.Київ, Дніпровський район, ВУЛИЦЯ РАЇСИ ОКІПНОЇ, будинок 8А",37119553
в стані припинення,"ПУБЛІЧНЕ АКЦІОНЕРНЕ ТОВАРИСТВО ""КОМЕРЦІЙНИЙ БАНК ""НАДРА""",64.19 Інші види грошового посередництва,СТРЮКОВА ІРИНА ОЛЕКСАНДРІВНА,"ПАТ ""КБ ""НАДРА""","04053, м.Київ, Шевченківський район, ВУЛИЦЯ  АРТЕМА, будинок 15",20025456
в стані припинення,"ПУБЛІЧНЕ АКЦІОНЕРНЕ ТОВАРИСТВО ""СМАРТБАНК""",64.19 Інші види грошового посередництва,ФЕДОРЧЕНКО АНДРІЙ ВОЛОДИМИРОВИЧ,"ПУАТ ""СМАРТБАНК""","04114, м.Київ, Подільський район, ВУЛИЦЯ ВИШГОРОДСЬКА, будинок 45/2, ЛІТЕРА ""А""",37176171
зареєстровано,"ПУБЛІЧНЕ АКЦІОНЕРНЕ ТОВАРИСТВО ""СЕБ КОРПОРАТИВНИЙ БАНК""",64.19 Інші види грошового посередництва,АНДЕРССОН НІЛЬС ЛЕННАРТ КРІСТІАН,"ПАТ ""СЕБ КОРПОРАТИВНИЙ БАНК""","01001, м.Київ, Шевченківський район, ВУЛИЦЯ МИХАЙЛІВСЬКА, будинок 7",37515069
зареєстровано,"ПУБЛІЧНЕ АКЦІОНЕРНЕ ТОВАРИСТВО ""БАНК СІЧ""",64.19 Інші види грошового посередництва,ШУЛЬГА ВЛАДА ВІКТОРІВНА,"ПАТ ""БАНК СІЧ""","01033, м.Київ, Голосіївський район, ВУЛИЦЯ ВОЛОДИМИРСЬКА, будинок 63",37716841
зареєстровано,"ПУБЛІЧНЕ АКЦІОНЕРНЕ ТОВАРИСТВО ""ДІВІ БАНК""",64.19 Інші види грошового посередництва,ГОРБАЧЕВСЬКИЙ СЕРГІЙ ОЛЕКСАНДРОВИЧ,"ПАТ ""ДІВІ БАНК""","04070, м.Київ, Подільський район, ІГОРІВСЬКА/ НАБЕРЕЖНО-ХРЕЩАТИЦЬКА, будинок 13/5 ЛІТ А",37572263
зареєстровано,"ПУБЛІЧНЕ АКЦІОНЕРНЕ ТОВАРИСТВО КОМЕРЦІЙНИЙ БАНК ""ПРАВЕКС-БАНК""",64.19 Інші види грошового посередництва,КИРИЧЕНКО ТАРАС ОЛЕКСІЙОВИЧ,"ПАТКБ ""ПРАВЕКС-БАНК""","01021, м.Київ, Печерський район, КЛОВСЬКИЙ УЗВІЗ, будинок 9/2",14360920
в стані припинення,"ПУБЛІЧНЕ АКЦІОНЕРНЕ ТОВАРИСТВО ""БАНК ""СОФІЙСЬКИЙ""",64.19 Інші види грошового посередництва,КУРЕНИЙ ОЛЕКСАНДР ВІКТОРОВИЧ,"ПАТ""БАНК ""СОФІЙСЬКИЙ""","03151, м.Київ, Солом'янський район, ПОВІТРОФЛОТСЬКИЙ ПРОСПЕКТ, будинок 54",38061253
зареєстровано,"ПУБЛІЧНЕ АКЦІОНЕРНЕ ТОВАРИСТВО ""КОМЕРЦІЙНИЙ БАНК ""ФІНАНСОВИЙ ПАРТНЕР""",64.19 Інші види грошового посередництва,АДАМЧУК ОЛЬГА ДМИТРІВНА,"ПАТ ""КБ ""ФІНАНСОВИЙ ПАРТНЕР""","04107, м.Київ, Шевченківський район, ВУЛИЦЯ ЛУК'ЯНІВСЬКА, будинок 1",38322199
зареєстровано,"ПУБЛІЧНЕ АКЦІОНЕРНЕ ТОВАРИСТВО ""УКРАЇНСЬКИЙ БАНК РЕКОНСТРУКЦІЇ ТА РОЗВИТКУ""",64.19 Інші види грошового посередництва,ЛОКТІОНОВ ОЛЕГ ЮРІЙОВИЧ,"АТ (ПУБЛ.) ""УКРАЇНСЬКИЙ БАНК РЕКОНСТРУКЦІЇ ТА РОЗВИТКУ""","04080, м.Київ, Подільський район, ВУЛИЦЯ ОЛЕКСІЯ ТЕРЬОХІНА, будинок 4",26520688
зареєстровано,"ПУБЛІЧНЕ АКЦІОНЕРНЕ ТОВАРИСТВО ""АЛЬПАРІ БАНК""",64.19 Інші види грошового посередництва,БАБИЧ ДМИТРО ЮРІЙОВИЧ,"ПАТ ""АЛЬПАРІ БАНК""","01033, м.Київ, Голосіївський район, ВУЛИЦЯ ТАРАСІВСЬКА, будинок 19",38377143
зареєстровано,"ПУБЛІЧНЕ АКЦІОНЕРНЕ ТОВАРИСТВО ""БАНК ""ЮНІСОН""",64.19 Інші види грошового посередництва,ШЕВЧЕНКО АНДРІЙ МИКОЛАЙОВИЧ,"ПАТ ""БАНК ""ЮНІСОН""","03028, м.Київ, Голосіївський район, ПРОСПЕКТ НАУКИ, будинок 30-А",38514375
припинено,"ТОВАРИСТВО З ОБМЕЖЕНОЮ ВІДПОВІДАЛЬНІСТЮ ""БМ БАНК""",65.12.1 КОМЕРЦІЙНІ БАНКИ,ЛОМАКОВИЧ ВІТАЛІЙ АФАНАСІЙОВИЧ,"ТОВ ""БМ БАНК""","01032, м.Київ, Шевченківський район, БУЛЬВАР ТАРАСА ШЕВЧЕНКА, будинок 37/122",33881201
в стані припинення,"ПУБЛІЧНЕ АКЦІОНЕРНЕ ТОВАРИСТВО ""БАНК МИХАЙЛІВСЬКИЙ""",64.19 Інші види грошового посередництва,ВОЛКОВ ОЛЕКСАНДР ЮРІЙОВИЧ,"ПАТ ""БАНК МИХАЙЛІВСЬКИЙ""","01001, м.Київ, Шевченківський район, ПРОВУЛОК РИЛЬСЬКИЙ, будинок 10-12/3",38619024
зареєстровано,"ПУБЛІЧНЕ АКЦІОНЕРНЕ ТОВАРИСТВО ""БАНК АВАНГАРД""",64.19 Інші види грошового посередництва,КОРЧИНСЬКА СВІТЛАНА АНАТОЛІЇВНА,"ПАТ ""БАНК АВАНГАРД""","04116, м.Київ, Шевченківський район, ВУЛИЦЯ ШОЛУДЕНКА, будинок 3",38690683
в стані припинення,"ПУБЛІЧНЕ АКЦІОНЕРНЕ ТОВАРИСТВО ""ІНВЕСТИЦІЙНО-ТРАСТОВИЙ БАНК""",64.19 Інші види грошового посередництва,МАЗУР ЮЛІЯ ПЕТРІВНА,"ПАТ ""ІНВЕСТИЦІЙНО-ТРАСТОВИЙ БАНК""","04071, м.Київ, Подільський район, ВУЛИЦЯ ПОЧАЙНИНСЬКА, будинок 45",38781707
в стані припинення,"ПУБЛІЧНЕ АКЦІОНЕРНЕ ТОВАРИСТВО ""ДЕРЖАВНИЙ ЗЕМЕЛЬНИЙ БАНК""",64.19 Інші види грошового посередництва,ФЕДОРЧЕНКО АНДРІЙ ВОЛОДИМИРОВИЧ,"ПАТ ""ДЕРЖЗЕМБАНК""","03115, м.Київ, Святошинський район, ВУЛ. ГЕНЕРАЛА ВІТРУКА, будинок 12",38591533
припинено,"ТОВАРИСТВО З ОБМЕЖЕНОЮ ВІДПОВІДАЛЬНІСТЮ ""КОМЕРЦІЙНИЙ БАНК ""ДАНІЕЛЬ""",65.12.1 КОМЕРЦІЙНІ БАНКИ,БАКОВА ТЕТЯНА ВАДИМІВНА,"ТОВ ""КОМЕРЦІЙНИЙ БАНК ""ДАНІЕЛЬ""","01033, м.Київ, Печерський район, ВУЛИЦЯ САКСАГАНСЬКОГО, будинок 3 ЛІТ А",26475516
в стані припинення,"ПУБЛІЧНЕ АКЦІОНЕРНЕ ТОВАРИСТВО  ""ЧОРНОМОРСЬКИЙ БАНК РОЗВИТКУ ТА РЕКОНСТРУКЦІЇ""",64.19 Інші види грошового посередництва,МАТВІЄНКО АНДРІЙ АНАТОЛІЙОВИЧ,"ПАТ ""ЧБРР""","95001, Автономна Республіка Крим, місто Сімферополь, Київський район, ВУЛИЦЯ БІЛЬШОВИЦЬКА, будинок 24",20929956
припинено,"Акціонерний комерційний банк ""Таврія""",,,,"333005, м. Сімферополь, вул. Севастопольська, 4",16328435
в стані припинення,"ПУБЛІЧНЕ АКЦІОНЕРНЕ ТОВАРИСТВО ""КОМЕРЦІЙНИЙ БАНК ""СОЦКОМ БАНК""",64.19 Інші види грошового посередництва,ЧІБІРДІНА ОЛЬГА ОЛЕКСАНДРІВНА,"ПАТ ""КБ ""СКБ""","65026, Одеська обл., місто Одеса, Приморський район, ВУЛ. ГРЕЦЬКА, будинок 5",26364113
в стані припинення,"ПУБЛІЧНЕ АКЦІОНЕРНЕ ТОВАРИСТВО АКЦІОНЕРНИЙ БАНК ""СТОЛИЧНИЙ""",64.19 Інші види грошового посередництва,КУХАРЕВ ВОЛОДИМИР ВАЛЕНТИНОВИЧ,"ПАТ АБ ""СТОЛИЧНИЙ""","40030, Сумська обл., місто Суми, Зарічний район, ВУЛИЦЯ ПОКРОВСЬКА, будинок 25",20028816
